SET character_set_client = utf8mb4;
SET character_set_connection = utf8mb4;
SET character_set_results = utf8mb4;

-- Team 데이터
INSERT INTO Team (team_ID, team_name, home_arena) VALUES
(1000, 'GS칼텍스', '서울'),
(2000, '정관장', '대전'),
(3000, '현대건설', '수원'),
(4000, 'IBK기업은행', '화성'),
(5000, '한국도로공사', '김천'),
(6000, '페퍼저축은행', '광주'),
(7000, '흥국생명 ', '인천');

-- Player_Position 데이터
INSERT INTO Player_Position (position_ID, position_name) VALUES
(10, 'OH'),
(20, 'OP'),
(30, 'MB'),
(40, 'S'),
(50, 'L');

-- User 데이터
INSERT INTO User (user_ID, user_PW, team_ID) VALUES
(1238438, 'hongki19', 1000),
(6123345, 'yeonseo21', 1000),
(9453234, 'seunghun88', 1000),
(3343465, 'seohyun76', 2000),
(6767345, 'seungmin11', 2000),
(5647345, 'jisu23', 2000),
(4343462, 'yujin18', 3000),
(8456852, 'sarah03', 3000),
(5345234, 'hajun99', 3000),
(1832742, 'sunmi30', 4000),
(7546929, 'chulsoo10', 4000),
(3485593, 'hyejin81', 4000),
(5468923, 'hayoung91', 5000),
(5493059, 'junho49', 5000),
(7732434, 'minseo68', 5000),
(4345234, 'bora15', 6000),
(5832045, 'youngho80', 6000),
(9234676, 'jaehyun52', 6000),
(8676822, 'seojun06', 7000),
(4512137, 'kyungmin29', 7000),
(9675621, 'jisung42', 7000);

-- Game 데이터
INSERT INTO Game (game_ID, game_date, home_team_ID, away_team_ID, round_ID) VALUES
(2425002, '2024-10-19', 3000, 7000, 1),
(2425004, '2024-10-20', 2000, 1000, 1),
(2425006, '2024-10-22', 5000, 6000, 1),
(2425008, '2024-10-23', 6000, 3000, 1),
(2425010, '2024-10-24', 7000, 1000, 1),
(2425012, '2024-10-25', 6000, 2000, 1),
(2425014, '2024-10-26', 5000, 4000, 1),
(2425044, '2024-11-13', 6000, 3000, 2),
(2425046, '2024-11-14', 4000, 1000, 2),
(2425048, '2024-11-15', 7000, 5000, 2),
(2425050, '2024-11-16', 3000, 2000, 2),
(2425052, '2024-11-17', 4000, 6000, 2),
(2425054, '2024-11-19', 5000, 1000, 2),
(2425056, '2024-11-20', 2000, 7000, 2),
(2425086, '2024-12-07', 5000, 2000, 3),
(2425088, '2024-12-08', 4000, 3000, 3),
(2425090, '2024-12-10', 7000, 6000, 3),
(2425092, '2024-12-11', 1000, 5000, 3),
(2425094, '2024-12-12', 2000, 3000, 3),
(2425096, '2024-12-13', 4000, 7000, 3),
(2425098, '2024-12-14', 6000, 1000, 3),
(2425128, '2025-01-07', 1000, 7000, 4),
(2425130, '2025-01-08', 5000, 3000, 4),
(2425132, '2025-01-09', 4000, 6000, 4),
(2425134, '2025-01-10', 1000, 2000, 4),
(2425136, '2025-01-11', 7000, 5000, 4),
(2425138, '2025-01-12', 3000, 6000, 4),
(2425140, '2025-01-14', 4000, 2000, 4),
(2425170, '2025-01-31', 6000, 4000, 5),
(2425172, '2025-02-01', 1000, 5000, 5),
(2425174, '2025-02-02', 7000, 2000, 5),
(2425176, '2025-02-04', 4000, 3000, 5),
(2425178, '2025-02-05', 1000, 6000, 5),
(2425180, '2025-02-06', 5000, 7000, 5),
(2425182, '2025-02-07', 2000, 3000, 5),
(2425212, '2025-02-25', 7000, 4000, 6),
(2425214, '2025-02-26', 1000, 2000, 6),
(2425216, '2025-02-27', 5000, 3000, 6),
(2425218, '2025-02-28', 4000, 6000, 6),
(2425220, '2025-03-01', 2000, 7000, 6),
(2425222, '2025-03-02', 3000, 1000, 6),
(2425224, '2025-03-03', 6000, 5000, 6);

-- Player 데이터
INSERT INTO Player (player_ID, player_name, current_team_ID, position_ID, salary) VALUES
(101, '최가은', 1000, 30, 50),
(103, '이윤신', 1000, 40, 40),
(104, '서채원', 1000, 30, 45),
(105, '실바', 1000, 20, 350),
(107, '안혜진', 1000, 40, 200),
(109, '김지우', 1000, 40, 50),
(110, '최유림', 1000, 30, 45),
(111, '김주향', 1000, 10, 110),
(112, '이주아', 1000, 10, 250),
(113, '박채민', 1000, 50, 40),
(114, '김지원', 1000, 40, 150),
(115, '우수민', 1000, 10, 40),
(116, '김미연', 1000, 10, 130),
(117, '문지윤', 1000, 20, 70),
(118, '권민지', 1000, 10, 100),
(119, '유서연', 1000, 10, 90),
(120, '유가람', 1000, 10, 40),
(125, '뚜이', 1000, 30, 300),
(127, '와일러', 1000, 10, 320),
(147, '한수진', 1000, 50, 60),
(154, '오세연', 1000, 30, 50),
(202, '안예림', 2000, 40, 50),
(203, '염혜선', 2000, 40, 150),
(204, '전다빈', 2000, 10, 40),
(205, '노란', 2000, 50, 140),
(206, '박은진', 2000, 30, 180),
(207, '메가', 2000, 20, 350),
(210, '박혜민', 2000, 10, 120),
(211, '곽선옥', 2000, 10, 45),
(212, '이예담', 2000, 30, 40),
(213, '정수지', 2000, 10, 40),
(214, '김채나', 2000, 40, 45),
(215, '이선우', 2000, 10, 100),
(216, '신은지', 2000, 20, 45),
(217, '정호영', 2000, 30, 150),
(218, '이지수', 2000, 30, 40),
(219, '표승주', 2000, 10, 160),
(220, '최효서', 2000, 50, 40),
(233, '부키리치', 2000, 20, 380),
(303, '김다인', 3000, 40, 220),
(304, '황연주', 3000, 20, 80),
(305, '이영주', 3000, 10, 55),
(306, '김사랑', 3000, 40, 42),
(308, '김연견', 3000, 50, 350),
(309, '나현수', 3000, 30, 100),
(310, '고민지', 3000, 10, 60),
(311, '강서우', 3000, 30, 45),
(312, '이다현', 3000, 30, 220),
(313, '정지윤', 3000, 10, 190),
(314, '양효진', 3000, 30, 450),
(316, '김민채', 3000, 10, 40),
(317, '고예림', 3000, 10, 150),
(318, '한미르', 3000, 10, 40),
(319, '이수연', 3000, 40, 40),
(322, '서지혜', 3000, 10, 40),
(323, '위파위', 3000, 10, 300),
(398, '모마', 3000, 20, 400),
(401, '이소영', 4000, 10, 550),
(402, '이주아', 4000, 30, 250),
(403, '최연진', 4000, 40, 40),
(404, '김윤우', 4000, 40, 40),
(405, '김하경', 4000, 40, 120),
(406, '천신통', 4000, 40, 40),
(407, '김희진', 4000, 30, 150),
(408, '김수빈', 4000, 10, 40),
(410, '고의정', 4000, 10, 60),
(411, '육서영', 4000, 10, 110),
(412, '김채연', 4000, 30, 80),
(413, '최정민', 4000, 30, 100),
(414, '김채원', 4000, 50, 90),
(415, '황민경', 4000, 10, 180),
(416, '주연희', 4000, 10, 40),
(417, '구혜인', 4000, 10, 40),
(418, '김세율', 4000, 10, 40),
(419, '빅토리아', 4000, 20, 350),
(421, '남은서', 4000, 50, 40),
(502, '하효림', 5000, 40, 45),
(503, '김다은', 5000, 40, 90),
(504, '전새얀', 5000, 10, 70),
(506, '이윤정', 5000, 40, 100),
(508, '임명옥', 5000, 50, 300),
(510, '배유나', 5000, 30, 160),
(511, '김세빈', 5000, 30, 70),
(512, '문정원', 5000, 20, 200),
(513, '니콜로바', 5000, 20, 350),
(515, '송은채', 5000, 10, 40),
(517, '김현정', 5000, 30, 50),
(518, '김세인', 5000, 10, 60),
(519, '유니', 5000, 10, 40),
(521, '이예은', 5000, 10, 40),
(526, '타나차', 5000, 10, 300),
(597, '강소휘', 5000, 10, 500),
(601, '테일러', 6000, 20, 320),
(603, '박수빈', 6000, 40, 40),
(604, '한다혜', 6000, 50, 120),
(605, '임주은', 6000, 30, 40),
(606, '장위', 6000, 30, 40),
(607, '이예림', 6000, 10, 50),
(608, '박연화', 6000, 30, 40),
(610, '박정아', 6000, 10, 475),
(612, '박경현', 6000, 10, 40),
(613, '박은서', 6000, 10, 40),
(615, '박사랑', 6000, 40, 60),
(616, '이한비', 6000, 10, 80),
(617, '하혜진', 6000, 30, 50),
(618, '자비치', 6000, 20, 330),
(619, '염어르헝', 6000, 30, 60),
(623, '이원정', 6000, 40, 120),
(701, '김다은', 7000, 10, 90),
(702, '이채민', 7000, 10, 40),
(703, '신연경', 7000, 50, 150),
(704, '서채현', 7000, 40, 40),
(705, '피치', 7000, 30, 40),
(706, '이고은', 7000, 40, 130),
(707, '최은지', 7000, 10, 60),
(708, '도수빈', 7000, 10, 70),
(709, '변지수', 7000, 30, 50),
(710, '김연경', 7000, 10, 500),
(711, '김수지', 7000, 30, 200),
(713, '박혜진', 7000, 40, 60),
(714, '정윤주', 7000, 10, 50),
(715, '이송민', 7000, 30, 40),
(717, '투트쿠', 7000, 20, 300),
(718, '김다솔', 7000, 40, 80),
(719, '김미연', 7000, 10, 130),
(720, '박수연', 7000, 10, 40),
(721, '임혜림', 7000, 30, 40),
(722, '문지윤', 7000, 20, 70),
(723, '마테이코', 7000, 20, 310);


INSERT INTO Scouting_Report (report_ID, user_ID, team_ID, player_ID, note_content, note_date) VALUES
(60000, 1238438, 1000, 314, '양효진은 리그 최장수 센터이자 최고의 블로커로, 여전히 이동 공격과 속공의 정석을 보여주는 베테랑. 리그 정상급 OH 유망주 + 미래 1라운드 지명권 또는 동급 FA 보상 선수.', '2024-10-01 10:00:00'),
(60001, 6123345, 1000, 207, '메가는파괴적인 고공 타점과 강력한 서브를 자랑하며 정관장의 공격을 이끄는 아시아 쿼터 에이스. 현재 소속팀의 재계약 우선권이 핵심', '2024-10-05 11:30:00'),
(60002, 9453234, 1000, 597, '강소휘는 한국도로공사 이적 후 폭발력을 되찾고, 리시브와 공격을 모두 갖춘 만능 플레이어로 활약 기대. 젊은 세터 또는 미들 블로커 + 상당한 현금 보상.', '2024-10-10 14:20:00'),
(60003, 3343465, 2000, 610, '박정아는 클러치 상황에서 강점을 보이며, 페퍼저축은행의 공격과 경험을 책임지는 베테랑 득점원. 젊은 수비형 레프트 + 추가 유망주를 통한 샐러리 절감 및 리빌딩.', '2024-10-15 09:15:00'),
(60004, 6767345, 2000, 415, '황민경은 노련함과 안정적인 리시브 능력을 바탕으로 팀의 수비 라인을 책임지는 중. 주전급 리베로 또는 2라운드 지명권과 현금을 주고받는 롤 트레이드.', '2024-10-20 16:45:00'),
(60005, 5647345, 2000, 125, '용병. 파워는 좋으나 세밀함 부족.', '2024-10-25 12:10:00'),
(60006, 8456852, 3000, 147, '베테랑. 코트 비전이 좋음. 수비 시 빈자리 파악 능력이 탁월.', '2024-11-01 10:05:00'),
(60007, 4343462, 4000, 202, '백업 세터. 흔들릴 때 중앙을 고집하는 경향이 있어 우리 팀과는 맞지 않음.', '2024-11-05 15:20:00'),
(60008, 5345234, 4000, 203, '국가대표 세터. 볼 스피드가 빠름. 최우선 FA 고려', '2024-11-10 09:45:00'),
(60009, 1832742, 4000, 204, '교체 윙. 공격력은 약하나 수비 강화용. 현재 우리 팀의 필요한 부분과는 맞지 않음', '2024-11-15 11:10:00'),
(60010, 7546929, 5000, 205, '리베로. 2단 연결 능력이 좋음. 트레이드 시 고려', '2024-11-20 13:00:00'),
(60011, 3485593, 5000, 206, '미들블로커. C퀵 속공 빈도 높음. 상대 세터 버릇 체크.', '2024-11-25 14:40:00'),
(60012, 7732434, 5000, 207, '강력한 아포짓. 타점 높음. 직선 수비 강화에 도움이 될 것.', '2024-12-01 10:30:00'),
(60013, 5468923, 6000, 210, '주전 윙. 리시브와 공격 밸런스 좋음. 특정 약점 없는 육각형 선수로 영입 고려해볼 것.', '2024-12-05 12:20:00'),
(60014, 5493059, 6000, 312, '미들블로커. 이동 속공에 강점이 있으므로 우리 팀의 약점을 보완해줄 수 있을 듯.', '2024-12-10 16:10:00'),
(60015, 4345234, 6000, 212, '신인치고 성장 속도가 빠름. 서브가 까다로움. 영입 시 추후 3년 이내 팀의 주축 형성 기대', '2024-12-15 09:55:00'),
(60016, 5832045, 7000, 214, '리베로. A수비 범위는 좁으나 순발력 좋음.', '2025-01-05 11:30:00'),
(60017, 9234676, 7000, 215, '윙. 기복이 있고 잘 풀리는 날은 막을 사람이 없을 정도. 윙 자원이 부족한 팀에게는 조금 망설여지는 선택지일지도.', '2025-01-10 14:25:00'),
(60018, 8676822, 1000, 217, '주전 미들블로커. 높이 좋음. 중앙 후위 공격으로 허 찌르기.', '2025-01-15 10:00:00'),
(60019, 4512137, 1000, 107, '주전 세터. 토스 패턴이 일정하다는 장점. 영입이 쉽지 않을 듯.', '2025-01-20 12:15:00'),
(60020, 9675621, 2000, 220, '신인 세터. 긴장하면 토스가 짧아진다는 단점이 있으나 세터의 능력치는 훌륭.', '2025-01-25 09:40:00'),
(60021, 1238438, 2000, 233, '용병에게서 기대하는 모습은 떨어짐. 기복이 심한 편이라 도박수에 가까움.', '2025-02-01 11:00:00'),
(60022, 6123345, 3000, 303, '주전 세터. 양효진과의 중앙 속공은 알고도 못 막음. 둘 중 한명을 영입 시 해당 팀은 꽤 전력 손실이 클 것으로 예상', '2025-02-05 13:30:00'),
(60023, 9453234, 3000, 110, '주전. 리시브 불안 시 공격도 같이 무너진다는 단점이 있으나, 우리 팀 주전 리베로와는 궁합이 괜찮을 것으로 예상', '2025-02-10 15:00:00');

INSERT INTO S_Stats (player_ID, game_ID, serve_att,	serve_suc, serve_mis, set_att, set_suc, set_mis) VALUES
(303, 2425002, 13, 1, 3, 97, 33, 1),
(306, 2425002, 2, 0, 1, 24, 8, 1),
(706, 2425002, 24, 1, 0, 114, 40, 1),
(718, 2425002, 4, 0, 0, 0, 0, 0),
(203, 2425004, 15, 1, 1, 57, 36, 1),
(202, 2425004, 1, 0, 0, 0, 0, 0),
(114, 2425004, 6, 1, 1, 63, 23, 0),
(103, 2425004, 1, 0, 0, 6, 1, 0),
(503, 2425006, 4, 0, 3, 39, 13, 0),
(506, 2425006, 4, 0, 0, 46, 19, 2),
(623, 2425006, 8, 0, 0, 76, 41, 0),
(615, 2425006, 1, 0, 0, 0, 0, 0),
(603, 2425006, 3, 0, 0, 0, 0, 0),
(406, 2425008, 20, 1, 0, 127, 50, 1),
(405, 2425008, 2, 0, 1, 4, 2, 0),
(303, 2425008, 15, 1, 0, 122, 47, 1),
(706, 2425010, 16, 1, 0, 78, 43, 0),
(718, 2425010, 6, 0, 0, 0, 0, 0),
(114, 2425010, 9, 1, 1, 55, 18, 0),
(103, 2425010, 1, 0, 0, 25, 4, 2),
(623, 2425012, 12, 0, 0, 120, 49, 0),
(603, 2425012, 4, 0, 0, 0, 0, 0),
(203, 2425012, 25, 2, 0, 137, 60, 2),
(214, 2425012, 0, 0, 0, 0, 0, 0),
(202, 2425012, 2, 0, 0, 0, 0, 0),
(503, 2425014, 1, 0, 0, 7, 4, 0),
(506, 2425014, 13, 0, 0, 109, 35, 1),
(406, 2425014, 11, 0, 0, 100, 41, 0),
(405, 2425014, 3, 0, 0, 19, 7, 0),
(623, 2425044, 6, 0, 1, 73, 18, 0),
(615, 2425044, 2, 0, 0, 17, 6, 0),
(303, 2425044, 15, 0, 0, 72, 29, 0),
(306, 2425044, 0, 0, 0, 5, 3, 0),
(406, 2425046, 8, 0, 0, 95, 38, 0),
(405, 2425046, 7, 0, 0, 38, 17, 0),
(403, 2425046, 0, 0, 0, 4, 0, 0),
(109, 2425046, 2, 1, 0, 0, 0, 0),
(114, 2425046, 9, 0, 0, 131, 38, 1),
(706, 2425048, 19, 2, 2, 97, 38, 1),
(718, 2425048, 6, 0, 0, 0, 0, 0),
(503, 2425048, 9, 0, 1, 104, 41, 0),
(502, 2425048, 1, 0, 0, 12, 3, 0),
(303, 2425050, 13, 0, 0, 119, 50, 0),
(203, 2425050, 11, 2, 0, 114, 38, 0),
(202, 2425050, 3, 0, 1, 12, 4, 0),
(214, 2425050, 0, 0, 0, 3, 2, 0),
(406, 2425052, 11, 0, 1, 88, 33, 0),
(405, 2425052, 1, 0, 0, 18, 8, 0),
(623, 2425052, 12, 0, 0, 103, 33, 0),
(615, 2425052, 0, 0, 0, 9, 2, 0),
(603, 2425052, 1, 0, 0, 0, 0, 0),
(506, 2425054, 12, 1, 0, 60, 24, 0),
(503, 2425054, 5, 0, 1, 52, 20, 0),
(114, 2425054, 7, 0, 0, 79, 31, 0),
(103, 2425054, 2, 0, 0, 24, 11, 0),
(109, 2425054, 2, 0, 0, 0, 0, 0),
(203, 2425056, 13, 0, 0, 75, 22, 2),
(202, 2425056, 0, 0, 0, 2, 1, 0),
(706, 2425056, 16, 2, 0, 74, 31, 1),
(718, 2425056, 7, 0, 1, 1, 1, 0),
(503, 2425086, 5, 0, 1, 42, 20, 0),
(502, 2425086, 12, 0, 2, 73, 28, 1),
(203, 2425086, 27, 1, 0, 97, 46, 0),
(214, 2425086, 1, 0, 0, 8, 5, 0),
(202, 2425086, 2, 0, 0, 0, 0, 0),
(406, 2425088, 7, 2, 0, 70, 21, 0),
(405, 2425088, 1, 0, 0, 22, 5, 0),
(303, 2425088, 16, 0, 0, 70, 43, 1),
(706, 2425090, 15, 1, 1, 84, 36, 0),
(718, 2425090, 3, 1, 1, 0, 0, 0),
(713, 2425090, 0, 0, 0, 3, 0, 0),
(615, 2425090, 7, 0, 1, 91, 31, 2),
(603, 2425090, 1, 0, 0, 0, 0, 0),
(623, 2425090, 2, 0, 1, 9, 4, 0),
(114, 2425092, 15, 0, 2, 132, 56, 0),
(107, 2425092, 0, 0, 0, 12, 5, 0),
(506, 2425092, 23, 2, 1, 121, 55, 0),
(503, 2425092, 0, 0, 0, 10, 5, 0),
(203, 2425094, 18, 2, 1, 108, 48, 0),
(202, 2425094, 0, 0, 0, 13, 2, 0),
(303, 2425094, 20, 0, 2, 113, 47, 0),
(406, 2425096, 10, 2, 0, 69, 16, 3),
(405, 2425096, 1, 0, 0, 21, 6, 1),
(706, 2425096, 8, 0, 0, 73, 30, 0),
(623, 2425098, 15, 1, 0, 62, 34, 0),
(615, 2425098, 1, 0, 0, 2, 2, 0),
(603, 2425098, 0, 0, 0, 6, 2, 0),
(114, 2425098, 8, 1, 0, 68, 26, 1),
(103, 2425098, 1, 0, 0, 20, 6, 0),
(114, 2425128, 23, 1, 0, 122, 61, 2),
(706, 2425128, 16, 2, 0, 118, 45, 1),
(718, 2425128, 5, 0, 0, 0, 0, 0),
(713, 2425128, 1, 0, 1, 6, 3, 0),
(503, 2425130, 14, 0, 3, 132, 47, 1),
(506, 2425130, 3, 0, 0, 17, 6, 0),
(303, 2425130, 16, 0, 1, 139, 48, 1),
(306, 2425130, 0, 0, 0, 14, 6, 0),
(405, 2425132, 3, 0, 1, 27, 9, 1),
(406, 2425132, 12, 0, 1, 119, 43, 1),
(615, 2425132, 12, 0, 1, 115, 37, 0),
(603, 2425132, 5, 0, 0, 17, 5, 0),
(114, 2425134, 11, 0, 0, 115, 47, 3),
(203, 2425134, 28, 3, 2, 111, 52, 0),
(202, 2425134, 0, 0, 0, 4, 1, 0),
(706, 2425136, 19, 2, 1, 144, 53, 1),
(718, 2425136, 2, 0, 0, 0, 0, 0),
(713, 2425136, 0, 0, 0, 0, 0, 0),
(503, 2425136, 16, 0, 3, 122, 51, 0),
(506, 2425136, 0, 0, 0, 3, 0, 0),
(303, 2425138, 19, 3, 2, 120, 47, 1),
(615, 2425138, 7, 0, 0, 100, 41, 0),
(603, 2425138, 2, 0, 0, 24, 6, 0),
(405, 2425140, 13, 1, 3, 89, 34, 0),
(406, 2425140, 6, 0, 1, 44, 17, 0),
(202, 2425140, 0, 0, 0, 1, 0, 0),
(203, 2425140, 20, 0, 1, 144, 61, 0),
(615, 2425170, 5, 1, 0, 58, 16, 1),
(603, 2425170, 12, 0, 1, 64, 24, 1),
(405, 2425170, 10, 0, 0, 104, 38, 0),
(404, 2425170, 1, 0, 0, 20, 10, 0),
(114, 2425172, 11, 2, 0, 102, 53, 2),
(107, 2425172, 2, 0, 0, 0, 0, 0),
(503, 2425172, 21, 2, 0, 110, 43, 0),
(506, 2425172, 0, 0, 0, 4, 1, 0),
(405, 2425176, 4, 0, 0, 55, 19, 2),
(403, 2425176, 2, 0, 1, 38, 9, 0),
(404, 2425176, 3, 0, 0, 19, 8, 0),
(303, 2425176, 14, 0, 0, 117, 49, 1),
(114, 2425178, 20, 0, 0, 166, 75, 1),
(107, 2425178, 2, 0, 0, 12, 3, 0),
(603, 2425178, 10, 2, 0, 70, 27, 1),
(615, 2425178, 6, 0, 0, 75, 23, 1),
(503, 2425180, 8, 0, 2, 59, 29, 3),
(506, 2425180, 0, 0, 0, 9, 4, 0),
(706, 2425180, 13, 0, 1, 67, 38, 0),
(203, 2425182, 16, 0, 2, 86, 45, 0),
(202, 2425182, 0, 0, 0, 12, 4, 0),
(303, 2425182, 9, 1, 3, 94, 38, 1),
(319, 2425182, 0, 0, 0, 8, 2, 0),
(706, 2425212, 15, 0, 1, 100, 45, 0),
(713, 2425212, 0, 0, 0, 2, 2, 0),
(718, 2425212, 1, 0, 0, 0, 0, 0),
(405, 2425212, 16, 2, 0, 101, 41, 0),
(403, 2425212, 1, 0, 0, 7, 0, 0),
(114, 2425214, 16, 1, 1, 101, 50, 0),
(203, 2425214, 16, 2, 1, 71, 31, 2),
(214, 2425214, 2, 0, 1, 26, 8, 0),
(202, 2425214, 0, 0, 0, 3, 0, 0),
(503, 2425216, 12, 1, 1, 107, 48, 0),
(506, 2425216, 1, 0, 0, 2, 0, 0),
(306, 2425216, 8, 0, 1, 84, 36, 0),
(319, 2425216, 2, 0, 0, 30, 10, 0),
(405, 2425218, 16, 0, 1, 91, 36, 0),
(403, 2425218, 0, 0, 0, 7, 3, 0),
(615, 2425218, 5, 0, 0, 50, 12, 2),
(623, 2425218, 6, 1, 1, 42, 15, 0),
(202, 2425220, 2, 0, 0, 12, 2, 0),
(214, 2425220, 14, 0, 0, 111, 40, 0),
(713, 2425220, 8, 0, 0, 102, 35, 0),
(704, 2425220, 6, 1, 2, 30, 9, 0),
(718, 2425220, 2, 0, 0, 0, 0, 0),
(303, 2425222, 14, 2, 0, 85, 33, 0),
(306, 2425222, 2, 0, 1, 17, 6, 0),
(114, 2425222, 13, 0, 1, 111, 55, 1),
(615, 2425224, 0, 0, 0, 14, 5, 0),
(623, 2425224, 14, 0, 1, 117, 50, 1),
(503, 2425224, 19, 0, 1, 137, 55, 2),
(506, 2425224, 0, 0, 0, 5, 2, 0);

INSERT INTO L_Stats (player_ID, game_ID, dig_att, dig_suc, dig_failmis, set_att, set_suc, set_mis, receive_att, receive_good, receive_fail) VALUES
(308, 2425002, 36, 34, 2, 8, 3, 0, 13, 6, 0),
(703, 2425002, 31, 26, 5, 13, 6, 0, 23, 9, 2),
(205, 2425004, 12, 12, 0, 1, 0, 0, 6, 2, 3),
(147, 2425004, 14, 10, 4, 9, 2, 1, 13, 7, 0),
(508, 2425006, 11, 11, 0, 7, 2, 0, 33, 13, 3),
(604, 2425006, 4, 3, 1, 2, 0, 0, 11, 5, 1),
(414, 2425008, 21, 16, 5, 11, 4, 0, 25, 7, 0),
(308, 2425008, 19, 17, 2, 15, 4, 1, 22, 6, 2),
(703, 2425010, 12, 10, 2, 10, 1, 0, 14, 7, 2),
(147, 2425010, 14, 11, 3, 10, 5, 0, 9, 2, 1),
(604, 2425012, 18, 15, 3, 9, 1, 0, 19, 9, 1),
(205, 2425012, 24, 22, 2, 6, 2, 0, 41, 15, 1),
(508, 2425014, 20, 15, 5, 13, 1, 1, 13, 10, 2),
(414, 2425014, 21, 18, 3, 3, 0, 0, 18, 10, 2),
(604, 2425044, 17, 14, 3, 10, 4, 0, 23, 10, 0),
(308, 2425044, 21, 20, 1, 8, 2, 0, 8, 3, 0),
(414, 2425046, 20, 17, 3, 14, 5, 0, 13, 6, 1),
(147, 2425046, 33, 30, 3, 23, 8, 0, 21, 11, 0),
(703, 2425048, 11, 8, 3, 13, 5, 0, 13, 4, 1),
(508, 2425048, 19, 15, 4, 22, 3, 0, 17, 9, 2),
(308, 2425050, 28, 27, 1, 11, 3, 0, 18, 7, 1),
(205, 2425050, 30, 28, 2, 9, 1, 0, 27, 10, 0),
(414, 2425052, 18, 15, 3, 13, 5, 0, 12, 6, 0),
(604, 2425052, 23, 18, 5, 6, 2, 0, 12, 4, 0),
(508, 2425054, 22, 20, 2, 7, 1, 0, 11, 4, 0),
(147, 2425054, 16, 14, 2, 10, 4, 0, 28, 7, 3),
(205, 2425056, 9, 7, 2, 3, 0, 0, 16, 6, 1),
(703, 2425056, 10, 8, 2, 6, 2, 0, 8, 3, 1),
(508, 2425086, 20, 18, 2, 15, 6, 0, 23, 15, 0),
(205, 2425086, 25, 18, 7, 5, 0, 0, 20, 3, 0),
(220, 2425086, 2, 2, 0, 1, 0, 0, 2, 1, 0),
(414, 2425088, 16, 14, 2, 6, 1, 0, 19, 8, 0),
(308, 2425088, 18, 16, 2, 7, 5, 0, 7, 2, 2),
(703, 2425090, 29, 24, 5, 6, 1, 0, 9, 4, 0),
(604, 2425090, 14, 12, 2, 13, 3, 0, 20, 15, 1),
(147, 2425092, 33, 28, 5, 14, 4, 0, 22, 6, 1),
(508, 2425092, 21, 17, 4, 21, 10, 0, 13, 5, 1),
(205, 2425094, 23, 17, 6, 10, 2, 0, 15, 7, 0),
(220, 2425094, 0, 0, 0, 2, 1, 0, 7, 2, 0),
(308, 2425094, 4, 3, 1, 4, 0, 0, 9, 1, 2),
(414, 2425096, 13, 10, 3, 16, 6, 0, 30, 11, 1),
(703, 2425096, 10, 10, 0, 9, 4, 0, 14, 4, 1),
(604, 2425098, 15, 12, 3, 7, 2, 0, 10, 4, 0),
(113, 2425098, 0, 0, 0, 1, 1, 0, 3, 1, 0),
(147, 2425098, 13, 9, 4, 3, 0, 0, 16, 6, 3),
(147, 2425128, 16, 15, 1, 16, 6, 0, 39, 11, 3),
(703, 2425128, 22, 17, 5, 9, 2, 0, 21, 13, 1),
(508, 2425130, 26, 23, 3, 23, 4, 0, 26, 16, 1),
(308, 2425130, 37, 36, 1, 9, 3, 0, 18, 9, 3),
(414, 2425132, 24, 23, 1, 15, 5, 0, 36, 15, 2),
(604, 2425132, 31, 23, 8, 15, 4, 0, 12, 8, 0),
(147, 2425134, 17, 12, 5, 15, 5, 0, 16, 9, 0),
(205, 2425134, 14, 12, 2, 8, 4, 0, 13, 2, 3),
(220, 2425134, 0, 0, 0, 0, 0, 0, 0, 0, 0),
(703, 2425136, 23, 20, 3, 11, 1, 1, 23, 6, 1),
(508, 2425136, 31, 25, 6, 19, 6, 0, 28, 13, 0),
(308, 2425138, 27, 19, 8, 9, 3, 0, 16, 11, 2),
(604, 2425138, 23, 18, 5, 18, 9, 1, 29, 13, 0),
(414, 2425140, 24, 23, 1, 13, 4, 0, 21, 8, 3),
(205, 2425140, 13, 9, 4, 4, 1, 0, 2, 0, 0),
(220, 2425140, 9, 8, 1, 5, 1, 2, 18, 9, 1),
(604, 2425170, 20, 17, 3, 15, 4, 0, 17, 12, 0),
(147, 2425172, 16, 13, 3, 15, 4, 0, 21, 8, 0),
(508, 2425172, 17, 11, 6, 8, 4, 0, 20, 12, 0),
(421, 2425176, 1, 1, 0, 1, 1, 0, 0, 0, 0),
(308, 2425176, 25, 24, 1, 16, 4, 0, 29, 7, 1),
(147, 2425178, 37, 35, 2, 18, 2, 0, 23, 10, 1),
(604, 2425178, 21, 17, 4, 16, 3, 0, 22, 8, 0),
(508, 2425180, 6, 6, 0, 11, 3, 0, 20, 12, 2),
(703, 2425180, 12, 11, 1, 9, 3, 0, 14, 3, 0),
(205, 2425182, 12, 10, 2, 8, 5, 0, 24, 6, 0),
(308, 2425182, 18, 15, 3, 6, 2, 0, 20, 7, 2),
(703, 2425212, 24, 17, 7, 14, 3, 0, 12, 5, 0),
(414, 2425212, 15, 13, 2, 15, 5, 0, 25, 7, 0),
(147, 2425214, 21, 16, 5, 13, 3, 0, 11, 5, 2),
(205, 2425214, 12, 11, 1, 6, 1, 0, 10, 2, 1),
(220, 2425214, 9, 9, 0, 0, 0, 0, 4, 1, 0),
(508, 2425216, 34, 26, 8, 14, 4, 0, 25, 11, 1),
(414, 2425218, 16, 14, 2, 5, 1, 0, 30, 11, 3),
(604, 2425218, 22, 18, 4, 8, 1, 0, 14, 7, 1),
(220, 2425220, 16, 15, 1, 11, 5, 0, 24, 4, 3),
(308, 2425222, 13, 10, 3, 11, 2, 1, 22, 9, 0),
(147, 2425222, 20, 18, 2, 15, 4, 0, 15, 4, 2),
(604, 2425224, 19, 15, 4, 16, 4, 0, 29, 12, 1),
(508, 2425224, 22, 17, 5, 17, 8, 0, 18, 9, 0);

INSERT INTO Att_Stats (player_ID, game_ID, open_att, open_suc, open_failmis, backquick_att, backquick_suc, backquick_failmis, serve_att, serve_suc, serve_mis) VALUES
(314, 2425002, 5, 2, 1, 10, 4, 1, 12, 0, 0),
(312, 2425002, 4, 2, 0, 11, 4, 2, 9, 0, 1),
(309, 2425002, 0, 0, 0, 0, 0, 0, 0, 0, 0),
(705, 2425002, 2, 2, 0, 6, 1, 3, 7, 0, 3),
(711, 2425002, 2, 2, 0, 7, 1, 1, 12, 0, 2),
(709, 2425002, 0, 0, 0, 0, 0, 0, 0, 0, 0),
(206, 2425004, 2, 2, 0, 2, 1, 0, 3, 0, 1),
(217, 2425004, 2, 2, 0, 6, 4, 1, 10, 0, 0),
(154, 2425004, 1, 0, 0, 4, 2, 0, 8, 0, 2),
(510, 2425006, 2, 1, 0, 5, 4, 0, 7, 0, 0),
(511, 2425006, 1, 1, 0, 2, 1, 0, 11, 3, 1),
(517, 2425006, 0, 0, 0, 0, 0, 0, 1, 0, 0),
(606, 2425006, 1, 1, 0, 7, 2, 0, 11, 1, 1),
(617, 2425006, 1, 0, 0, 1, 0, 0, 16, 2, 0),
(608, 2425006, 0, 0, 0, 0, 0, 0, 1, 0, 0),
(402, 2425008, 0, 0, 0, 5, 3, 0, 16, 3, 1),
(413, 2425008, 4, 1, 0, 8, 2, 0, 11, 0, 1),
(314, 2425008, 10, 4, 1, 10, 5, 1, 10, 0, 0),
(312, 2425008, 2, 1, 0, 7, 3, 1, 14, 0, 0),
(309, 2425008, 1, 0, 0, 0, 0, 0, 0, 0, 0),
(705, 2425010, 3, 1, 0, 8, 4, 1, 4, 0, 0),
(711, 2425010, 0, 0, 0, 3, 1, 1, 9, 1, 2),
(154, 2425010, 2, 1, 0, 7, 4, 0, 12, 1, 2),
(104, 2425010, 0, 0, 0, 2, 0, 1, 4, 0, 0),
(606, 2425012, 7, 3, 1, 6, 3, 2, 16, 1, 1),
(617, 2425012, 10, 3, 2, 2, 1, 0, 16, 0, 0),
(608, 2425012, 0, 0, 0, 0, 0, 0, 1, 0, 0),
(217, 2425012, 3, 3, 0, 10, 4, 0, 9, 0, 0),
(206, 2425012, 1, 0, 0, 3, 2, 0, 13, 0, 0),
(510, 2425014, 6, 2, 1, 9, 0, 0, 7, 0, 1),
(517, 2425014, 3, 2, 0, 4, 1, 0, 17, 0, 1),
(511, 2425014, 0, 0, 0, 1, 1, 0, 4, 0, 0),
(402, 2425014, 2, 2, 0, 4, 0, 1, 9, 0, 1),
(413, 2425014, 4, 2, 0, 6, 3, 0, 17, 0, 1),
(407, 2425014, 0, 0, 0, 1, 1, 0, 0, 0, 0),
(606, 2425044, 0, 0, 0, 4, 1, 0, 7, 0, 2),
(617, 2425044, 3, 1, 1, 1, 0, 0, 4, 0, 0),
(619, 2425044, 3, 0, 1, 2, 1, 0, 4, 0, 1),
(314, 2425044, 8, 7, 0, 8, 3, 0, 4, 0, 0),
(312, 2425044, 1, 1, 0, 7, 4, 0, 7, 1, 1),
(309, 2425044, 1, 0, 1, 2, 1, 0, 2, 0, 0),
(402, 2425046, 8, 4, 0, 7, 5, 0, 16, 0, 2),
(413, 2425046, 2, 0, 1, 3, 2, 1, 21, 2, 1),
(407, 2425046, 0, 0, 0, 0, 0, 0, 0, 0, 0),
(154, 2425046, 2, 0, 0, 8, 3, 1, 14, 1, 0),
(104, 2425046, 1, 0, 0, 3, 0, 1, 11, 1, 0),
(110, 2425046, 0, 0, 0, 1, 0, 1, 2, 0, 1),
(705, 2425048, 2, 1, 0, 6, 2, 0, 9, 2, 1),
(711, 2425048, 1, 0, 1, 1, 1, 0, 15, 1, 1),
(721, 2425048, 0, 0, 0, 0, 0, 0, 1, 0, 0),
(510, 2425048, 4, 3, 0, 8, 3, 0, 17, 1, 0),
(517, 2425048, 2, 1, 0, 2, 1, 0, 8, 1, 0),
(511, 2425048, 1, 0, 0, 1, 0, 0, 4, 0, 2),
(312, 2425050, 0, 0, 0, 11, 4, 0, 11, 0, 0),
(314, 2425050, 6, 2, 1, 13, 7, 1, 11, 0, 0),
(309, 2425050, 0, 0, 0, 0, 0, 0, 0, 0, 0),
(217, 2425050, 1, 0, 0, 15, 5, 1, 6, 0, 0),
(206, 2425050, 1, 0, 0, 10, 4, 1, 12, 0, 0),
(413, 2425052, 2, 0, 0, 4, 1, 0, 10, 0, 1),
(402, 2425052, 2, 0, 0, 2, 1, 0, 12, 1, 1),
(407, 2425052, 0, 0, 0, 0, 0, 0, 0, 0, 0),
(606, 2425052, 3, 0, 0, 7, 4, 1, 9, 0, 1),
(617, 2425052, 7, 3, 0, 1, 0, 1, 8, 0, 2),
(619, 2425052, 1, 1, 0, 0, 0, 0, 2, 0, 0),
(608, 2425052, 0, 0, 0, 0, 0, 0, 2, 0, 0),
(510, 2425054, 5, 3, 0, 3, 2, 0, 10, 1, 0),
(511, 2425054, 3, 0, 0, 9, 2, 1, 13, 4, 0),
(517, 2425054, 0, 0, 0, 1, 0, 0, 7, 1, 0),
(154, 2425054, 2, 1, 1, 6, 2, 1, 13, 0, 2),
(104, 2425054, 0, 0, 0, 0, 0, 0, 16, 1, 0),
(206, 2425056, 0, 0, 0, 9, 3, 1, 7, 0, 1),
(217, 2425056, 1, 0, 0, 5, 0, 3, 10, 0, 1),
(705, 2425056, 0, 0, 0, 2, 0, 1, 4, 1, 1),
(711, 2425056, 2, 1, 0, 2, 1, 1, 12, 0, 1),
(510, 2425086, 4, 2, 0, 5, 1, 2, 9, 0, 1),
(511, 2425086, 1, 0, 0, 2, 0, 1, 9, 0, 1),
(517, 2425086, 0, 0, 0, 0, 0, 0, 2, 0, 0),
(217, 2425086, 1, 1, 0, 7, 3, 0, 6, 0, 0),
(206, 2425086, 2, 0, 0, 4, 1, 0, 16, 0, 2),
(218, 2425086, 0, 0, 0, 0, 0, 0, 1, 0, 0),
(402, 2425088, 0, 0, 0, 7, 2, 1, 6, 0, 0),
(413, 2425088, 2, 0, 0, 5, 0, 1, 5, 0, 1),
(412, 2425088, 0, 0, 0, 1, 0, 0, 1, 0, 0),
(314, 2425088, 10, 5, 0, 7, 5, 1, 6, 0, 0),
(312, 2425088, 2, 0, 0, 4, 3, 0, 9, 0, 1),
(309, 2425088, 0, 0, 0, 0, 0, 0, 0, 0, 0),
(705, 2425090, 2, 1, 0, 5, 2, 0, 4, 0, 0),
(711, 2425090, 2, 1, 1, 3, 1, 0, 19, 0, 0),
(709, 2425090, 0, 0, 0, 0, 0, 0, 1, 0, 0),
(606, 2425090, 0, 0, 0, 3, 2, 0, 13, 3, 0),
(617, 2425090, 1, 0, 0, 3, 2, 0, 10, 0, 0),
(608, 2425090, 0, 0, 0, 0, 0, 0, 1, 0, 0),
(154, 2425092, 2, 1, 0, 8, 3, 0, 17, 1, 0),
(104, 2425092, 0, 0, 0, 3, 2, 0, 8, 0, 0),
(101, 2425092, 1, 0, 0, 3, 0, 0, 6, 0, 0),
(510, 2425092, 10, 4, 2, 4, 2, 0, 13, 1, 2),
(517, 2425092, 1, 0, 0, 3, 2, 0, 14, 1, 1),
(511, 2425092, 0, 0, 0, 4, 2, 0, 2, 0, 0),
(217, 2425094, 0, 0, 0, 8, 4, 1, 6, 0, 0),
(206, 2425094, 3, 2, 0, 1, 1, 0, 9, 2, 0),
(218, 2425094, 0, 0, 0, 0, 0, 0, 0, 0, 0),
(314, 2425094, 9, 4, 1, 7, 3, 0, 15, 1, 0),
(312, 2425094, 2, 1, 0, 7, 2, 1, 15, 0, 1),
(309, 2425094, 0, 0, 0, 0, 0, 0, 0, 0, 0),
(402, 2425096, 3, 0, 0, 3, 1, 1, 5, 0, 1),
(413, 2425096, 3, 1, 1, 3, 0, 0, 6, 0, 0),
(705, 2425096, 1, 0, 0, 4, 0, 1, 7, 1, 0),
(711, 2425096, 0, 0, 0, 2, 1, 0, 10, 0, 2),
(606, 2425098, 3, 2, 1, 8, 5, 0, 11, 2, 0),
(617, 2425098, 1, 1, 0, 1, 1, 0, 15, 1, 1),
(608, 2425098, 0, 0, 0, 0, 0, 0, 1, 0, 0),
(154, 2425098, 0, 0, 0, 5, 2, 0, 6, 0, 1),
(110, 2425098, 2, 2, 0, 1, 0, 0, 1, 0, 0),
(104, 2425098, 1, 0, 0, 2, 1, 0, 3, 0, 0),
(101, 2425098, 2, 0, 1, 1, 1, 0, 3, 0, 0),
(154, 2425128, 3, 2, 0, 5, 4, 0, 11, 0, 1),
(125, 2425128, 1, 0, 0, 5, 2, 0, 16, 2, 1),
(705, 2425128, 5, 2, 0, 7, 3, 0, 10, 0, 2),
(721, 2425128, 1, 0, 0, 7, 5, 0, 11, 1, 3),
(711, 2425128, 1, 0, 0, 0, 0, 0, 1, 0, 0),
(510, 2425130, 8, 4, 1, 5, 3, 0, 14, 1, 1),
(511, 2425130, 6, 1, 1, 9, 3, 1, 10, 0, 1),
(314, 2425130, 10, 4, 1, 8, 5, 0, 12, 0, 1),
(312, 2425130, 2, 0, 0, 11, 6, 0, 13, 0, 0),
(309, 2425130, 7, 1, 3, 3, 1, 0, 4, 0, 0),
(402, 2425132, 3, 2, 0, 3, 1, 0, 17, 2, 2),
(413, 2425132, 2, 1, 0, 8, 4, 2, 18, 1, 1),
(407, 2425132, 2, 1, 1, 5, 1, 0, 0, 0, 0),
(412, 2425132, 1, 1, 0, 0, 0, 0, 0, 0, 0),
(606, 2425132, 5, 1, 0, 4, 2, 0, 13, 0, 1),
(619, 2425132, 1, 0, 0, 5, 1, 1, 16, 1, 1),
(608, 2425132, 0, 0, 0, 0, 0, 0, 2, 0, 0),
(125, 2425134, 3, 1, 0, 4, 2, 0, 18, 1, 1),
(154, 2425134, 1, 1, 0, 4, 0, 1, 18, 1, 1),
(217, 2425134, 8, 6, 1, 6, 3, 1, 12, 0, 2),
(206, 2425134, 4, 3, 0, 4, 3, 0, 13, 0, 0),
(705, 2425136, 4, 3, 0, 4, 1, 1, 16, 2, 2),
(711, 2425136, 0, 0, 0, 3, 1, 0, 13, 0, 2),
(721, 2425136, 0, 0, 0, 2, 0, 1, 3, 0, 0),
(510, 2425136, 12, 3, 1, 6, 6, 0, 17, 0, 1),
(511, 2425136, 3, 1, 0, 6, 3, 2, 12, 1, 0),
(517, 2425136, 0, 0, 0, 0, 0, 0, 2, 0, 0),
(314, 2425138, 8, 2, 0, 5, 2, 0, 7, 0, 0),
(312, 2425138, 1, 1, 0, 9, 2, 2, 13, 0, 1),
(309, 2425138, 0, 0, 0, 0, 0, 0, 0, 0, 0),
(606, 2425138, 1, 0, 0, 6, 5, 0, 16, 4, 1),
(619, 2425138, 2, 1, 0, 4, 1, 1, 13, 1, 1),
(608, 2425138, 0, 0, 0, 0, 0, 0, 2, 0, 0),
(413, 2425140, 7, 2, 2, 7, 6, 0, 20, 1, 1),
(407, 2425140, 4, 1, 1, 2, 1, 0, 6, 0, 0),
(402, 2425140, 3, 0, 0, 2, 0, 1, 7, 0, 0),
(412, 2425140, 0, 0, 0, 0, 0, 0, 0, 0, 0),
(217, 2425140, 4, 1, 0, 4, 1, 1, 13, 0, 2),
(206, 2425140, 1, 1, 0, 4, 3, 1, 11, 0, 1),
(606, 2425170, 1, 0, 0, 5, 3, 0, 18, 2, 0),
(619, 2425170, 2, 1, 1, 5, 1, 0, 11, 0, 0),
(608, 2425170, 0, 0, 0, 0, 0, 0, 2, 0, 0),
(413, 2425170, 2, 0, 0, 6, 3, 0, 11, 0, 1),
(402, 2425170, 2, 0, 0, 2, 0, 0, 18, 0, 2),
(407, 2425170, 2, 0, 0, 1, 1, 0, 0, 0, 0),
(154, 2425172, 0, 0, 0, 3, 3, 0, 12, 0, 0),
(125, 2425172, 1, 1, 0, 5, 2, 1, 9, 0, 1),
(510, 2425172, 5, 3, 1, 9, 4, 2, 10, 0, 0),
(511, 2425172, 1, 1, 0, 6, 2, 1, 9, 0, 1),
(402, 2425176, 2, 0, 0, 2, 0, 1, 10, 0, 0),
(413, 2425176, 2, 1, 0, 2, 0, 0, 11, 0, 1),
(407, 2425176, 3, 0, 1, 4, 0, 1, 9, 1, 1),
(412, 2425176, 0, 0, 0, 0, 0, 0, 1, 0, 0),
(312, 2425176, 2, 0, 0, 7, 2, 1, 19, 1, 3),
(309, 2425176, 8, 4, 1, 4, 1, 0, 12, 2, 0),
(125, 2425178, 1, 0, 0, 12, 7, 0, 17, 1, 2),
(154, 2425178, 0, 0, 0, 9, 4, 0, 13, 0, 0),
(101, 2425178, 0, 0, 0, 0, 0, 0, 1, 0, 0),
(606, 2425178, 3, 2, 0, 7, 2, 0, 20, 2, 1),
(619, 2425178, 6, 2, 2, 3, 1, 1, 20, 0, 1),
(608, 2425178, 0, 0, 0, 0, 0, 0, 4, 0, 1),
(510, 2425180, 2, 0, 1, 6, 3, 0, 10, 0, 0),
(511, 2425180, 2, 1, 0, 5, 3, 1, 6, 0, 1),
(705, 2425180, 2, 1, 0, 2, 2, 0, 9, 1, 1),
(711, 2425180, 3, 3, 0, 3, 2, 0, 13, 2, 0),
(217, 2425182, 6, 2, 0, 2, 2, 0, 15, 1, 0),
(206, 2425182, 1, 1, 0, 6, 1, 0, 4, 0, 1),
(312, 2425182, 1, 1, 0, 6, 3, 0, 9, 1, 1),
(309, 2425182, 1, 1, 0, 10, 5, 1, 15, 0, 2),
(705, 2425212, 3, 1, 1, 2, 1, 0, 7, 1, 2),
(711, 2425212, 0, 0, 0, 2, 1, 0, 15, 0, 2),
(413, 2425212, 3, 2, 0, 9, 6, 0, 9, 1, 2),
(402, 2425212, 0, 0, 0, 7, 3, 0, 8, 0, 0),
(407, 2425212, 0, 0, 0, 2, 0, 0, 0, 0, 0),
(412, 2425212, 0, 0, 0, 0, 0, 0, 0, 0, 0),
(154, 2425214, 4, 0, 0, 5, 2, 1, 10, 2, 1),
(125, 2425214, 1, 0, 0, 3, 2, 1, 15, 0, 1),
(217, 2425214, 12, 2, 0, 3, 2, 0, 15, 1, 4),
(206, 2425214, 0, 0, 0, 8, 2, 2, 4, 0, 0),
(218, 2425214, 0, 0, 0, 1, 0, 1, 4, 0, 1),
(510, 2425216, 7, 4, 0, 4, 1, 1, 8, 0, 0),
(511, 2425216, 4, 1, 1, 5, 3, 1, 11, 0, 1),
(517, 2425216, 0, 0, 0, 0, 0, 0, 3, 0, 0),
(309, 2425216, 8, 2, 1, 11, 7, 1, 12, 1, 2),
(311, 2425216, 1, 0, 0, 6, 1, 1, 13, 2, 3),
(413, 2425218, 5, 2, 0, 8, 3, 0, 12, 1, 0),
(402, 2425218, 4, 1, 0, 4, 3, 0, 9, 0, 1),
(412, 2425218, 0, 0, 0, 0, 0, 0, 0, 0, 0),
(606, 2425218, 2, 0, 0, 4, 0, 2, 9, 1, 0),
(605, 2425218, 1, 0, 0, 0, 0, 0, 9, 2, 0),
(617, 2425218, 1, 1, 0, 1, 0, 0, 7, 0, 0),
(218, 2425220, 4, 2, 0, 5, 2, 0, 11, 0, 2),
(212, 2425220, 6, 1, 1, 1, 0, 0, 9, 0, 3),
(709, 2425220, 1, 0, 0, 10, 4, 0, 11, 0, 1),
(721, 2425220, 2, 0, 1, 14, 5, 2, 17, 2, 2),
(715, 2425220, 0, 0, 0, 1, 0, 1, 1, 0, 1),
(314, 2425222, 7, 0, 2, 5, 2, 2, 6, 0, 0),
(312, 2425222, 0, 0, 0, 2, 2, 0, 11, 0, 2),
(309, 2425222, 1, 1, 0, 2, 0, 1, 7, 1, 0),
(125, 2425222, 2, 2, 0, 5, 5, 0, 20, 0, 2),
(154, 2425222, 1, 1, 0, 8, 4, 2, 12, 0, 0),
(606, 2425224, 0, 0, 0, 6, 2, 2, 16, 2, 1),
(617, 2425224, 3, 0, 0, 1, 0, 0, 23, 1, 1),
(608, 2425224, 0, 0, 0, 0, 0, 0, 1, 0, 0),
(510, 2425224, 5, 3, 0, 3, 2, 1, 13, 0, 0),
(511, 2425224, 2, 0, 1, 12, 5, 2, 22, 1, 1),
(517, 2425224, 0, 0, 0, 0, 0, 0, 3, 0, 0),
(323, 2425002, 24, 5, 4, 13, 5, 1, 17, 3, 1),
(313, 2425002, 8, 4, 2, 12, 4, 2, 5, 0, 0),
(317, 2425002, 3, 0, 0, 4, 2, 1, 6, 1, 0),
(310, 2425002, 0, 0, 0, 0, 0, 0, 3, 0, 2),
(318, 2425002, 0, 0, 0, 0, 0, 0, 1, 0, 0),
(710, 2425002, 17, 6, 3, 19, 9, 0, 15, 0, 2),
(714, 2425002, 21, 5, 1, 13, 5, 2, 12, 1, 1),
(708, 2425002, 0, 0, 0, 0, 0, 0, 0, 0, 0),
(720, 2425002, 0, 0, 0, 0, 0, 0, 3, 0, 0),
(219, 2425004, 10, 2, 0, 9, 6, 0, 12, 0, 0),
(210, 2425004, 0, 0, 0, 0, 0, 0, 1, 0, 0),
(215, 2425004, 0, 0, 0, 0, 0, 0, 1, 0, 0),
(127, 2425004, 11, 3, 1, 6, 4, 1, 7, 0, 1),
(118, 2425004, 2, 0, 0, 12, 4, 2, 4, 0, 1),
(111, 2425004, 1, 0, 1, 2, 0, 1, 0, 0, 0),
(115, 2425004, 0, 0, 0, 0, 0, 0, 2, 0, 0),
(120, 2425004, 0, 0, 0, 0, 0, 0, 2, 0, 0),
(112, 2425004, 0, 0, 0, 0, 0, 0, 2, 0, 0),
(597, 2425006, 10, 3, 2, 10, 6, 2, 9, 0, 0),
(519, 2425006, 11, 1, 5, 4, 3, 1, 5, 0, 1),
(504, 2425006, 0, 0, 0, 4, 2, 1, 2, 0, 0),
(518, 2425006, 0, 0, 0, 0, 0, 0, 1, 0, 0),
(521, 2425006, 0, 0, 0, 0, 0, 0, 2, 0, 0),
(610, 2425006, 14, 9, 1, 8, 5, 1, 13, 0, 1),
(616, 2425006, 10, 6, 0, 8, 4, 0, 7, 0, 2),
(613, 2425006, 0, 0, 0, 0, 0, 0, 0, 0, 0),
(607, 2425006, 0, 0, 0, 0, 0, 0, 0, 0, 0),
(415, 2425008, 14, 6, 0, 13, 5, 3, 16, 1, 1),
(411, 2425008, 14, 8, 1, 8, 0, 3, 8, 0, 1),
(417, 2425008, 0, 0, 0, 0, 0, 0, 7, 0, 1),
(416, 2425008, 0, 0, 0, 0, 0, 0, 1, 0, 0),
(313, 2425008, 13, 5, 2, 13, 5, 1, 7, 0, 0),
(323, 2425008, 13, 5, 2, 10, 2, 5, 22, 0, 0),
(317, 2425008, 1, 1, 0, 0, 0, 0, 5, 0, 0),
(310, 2425008, 0, 0, 0, 0, 0, 0, 6, 0, 1),
(322, 2425008, 0, 0, 0, 0, 0, 0, 2, 0, 1),
(318, 2425008, 0, 0, 0, 0, 0, 0, 2, 0, 0),
(710, 2425010, 9, 6, 1, 19, 11, 3, 12, 0, 1),
(714, 2425010, 5, 2, 0, 8, 5, 2, 5, 0, 2),
(701, 2425010, 4, 3, 1, 4, 3, 0, 1, 0, 0),
(720, 2425010, 0, 0, 0, 0, 0, 0, 7, 0, 0),
(127, 2425010, 9, 4, 0, 15, 5, 1, 4, 0, 0),
(118, 2425010, 11, 5, 2, 4, 2, 0, 6, 0, 0),
(111, 2425010, 3, 0, 0, 4, 1, 0, 5, 1, 1),
(120, 2425010, 0, 0, 0, 0, 0, 0, 6, 1, 0),
(115, 2425010, 0, 0, 0, 0, 0, 0, 3, 0, 1),
(610, 2425012, 17, 6, 2, 20, 12, 1, 18, 0, 0),
(607, 2425012, 9, 3, 2, 5, 1, 2, 15, 0, 1),
(616, 2425012, 8, 2, 0, 4, 1, 1, 1, 0, 0),
(613, 2425012, 0, 0, 0, 2, 0, 0, 2, 0, 1),
(219, 2425012, 9, 3, 1, 32, 13, 4, 22, 2, 0),
(215, 2425012, 0, 0, 0, 0, 0, 0, 1, 0, 0),
(597, 2425014, 12, 3, 1, 16, 2, 2, 9, 0, 2),
(504, 2425014, 6, 1, 2, 12, 4, 2, 3, 0, 1),
(519, 2425014, 2, 0, 0, 2, 2, 0, 3, 0, 1),
(518, 2425014, 0, 0, 0, 1, 1, 0, 1, 0, 0),
(521, 2425014, 0, 0, 0, 0, 0, 0, 2, 0, 0),
(411, 2425014, 14, 4, 0, 10, 6, 0, 10, 0, 1),
(415, 2425014, 15, 4, 2, 8, 2, 0, 23, 1, 4),
(410, 2425014, 1, 1, 0, 0, 0, 0, 1, 1, 0),
(417, 2425014, 0, 0, 0, 0, 0, 0, 6, 1, 1),
(610, 2425044, 25, 7, 2, 8, 3, 1, 8, 0, 1),
(616, 2425044, 2, 1, 0, 9, 1, 2, 5, 0, 1),
(607, 2425044, 4, 0, 2, 2, 1, 1, 6, 0, 0),
(612, 2425044, 1, 1, 0, 1, 0, 1, 1, 0, 0),
(613, 2425044, 1, 0, 1, 1, 0, 0, 1, 0, 0),
(313, 2425044, 11, 4, 2, 12, 6, 3, 10, 0, 0),
(323, 2425044, 6, 2, 1, 6, 2, 1, 17, 0, 0),
(317, 2425044, 0, 0, 0, 0, 0, 0, 1, 0, 0),
(322, 2425044, 0, 0, 0, 0, 0, 0, 2, 0, 0),
(305, 2425044, 0, 0, 0, 0, 0, 0, 3, 0, 0),
(318, 2425044, 0, 0, 0, 0, 0, 0, 1, 0, 1),
(411, 2425046, 8, 3, 1, 32, 14, 3, 13, 0, 1),
(415, 2425046, 11, 3, 0, 17, 8, 0, 13, 0, 2),
(410, 2425046, 1, 0, 0, 4, 2, 0, 0, 0, 0),
(417, 2425046, 0, 0, 0, 0, 0, 0, 2, 0, 0),
(401, 2425046, 0, 0, 0, 0, 0, 0, 0, 0, 0),
(127, 2425046, 43, 13, 2, 29, 12, 0, 7, 0, 4),
(118, 2425046, 30, 9, 5, 22, 6, 1, 10, 0, 1),
(112, 2425046, 5, 2, 0, 12, 2, 3, 7, 1, 1),
(119, 2425046, 0, 0, 0, 0, 0, 0, 11, 1, 0),
(115, 2425046, 0, 0, 0, 0, 0, 0, 1, 0, 0),
(710, 2425048, 7, 2, 0, 15, 6, 2, 24, 3, 0),
(714, 2425048, 9, 5, 0, 11, 5, 1, 7, 0, 0),
(719, 2425048, 1, 0, 1, 0, 0, 0, 0, 0, 0),
(720, 2425048, 0, 0, 0, 0, 0, 0, 1, 0, 0),
(597, 2425048, 21, 6, 3, 24, 8, 3, 15, 1, 1),
(518, 2425048, 13, 4, 5, 13, 4, 5, 10, 0, 1),
(504, 2425048, 0, 0, 0, 0, 0, 0, 2, 0, 0),
(521, 2425048, 0, 0, 0, 0, 0, 0, 2, 0, 1),
(313, 2425050, 11, 4, 2, 18, 13, 1, 8, 0, 0),
(323, 2425050, 11, 3, 1, 11, 3, 2, 13, 0, 1),
(317, 2425050, 1, 0, 0, 1, 0, 0, 3, 2, 0),
(305, 2425050, 0, 0, 0, 0, 0, 0, 10, 0, 0),
(318, 2425050, 0, 0, 0, 0, 0, 0, 4, 0, 0),
(219, 2425050, 27, 5, 4, 22, 9, 2, 11, 0, 0),
(215, 2425050, 6, 0, 2, 2, 0, 0, 4, 0, 1),
(411, 2425052, 7, 1, 2, 22, 9, 2, 10, 0, 3),
(415, 2425052, 7, 2, 0, 12, 5, 2, 18, 1, 0),
(417, 2425052, 0, 0, 0, 0, 0, 0, 4, 0, 0),
(401, 2425052, 0, 0, 0, 0, 0, 0, 0, 0, 0),
(616, 2425052, 16, 6, 1, 20, 4, 5, 11, 0, 1),
(610, 2425052, 19, 5, 3, 11, 3, 1, 13, 0, 0),
(607, 2425052, 0, 0, 0, 0, 0, 0, 0, 0, 0),
(597, 2425054, 12, 7, 0, 13, 6, 1, 13, 2, 0),
(504, 2425054, 11, 3, 3, 16, 7, 1, 7, 0, 4),
(518, 2425054, 6, 1, 1, 8, 1, 1, 5, 0, 1),
(521, 2425054, 0, 0, 0, 0, 0, 0, 2, 0, 1),
(127, 2425054, 20, 7, 0, 21, 6, 3, 8, 0, 1),
(112, 2425054, 6, 4, 0, 7, 3, 2, 2, 0, 0),
(115, 2425054, 3, 1, 1, 3, 0, 0, 10, 2, 0),
(119, 2425054, 0, 0, 0, 0, 0, 0, 7, 0, 1),
(219, 2425056, 6, 2, 2, 12, 3, 2, 9, 1, 0),
(215, 2425056, 12, 2, 3, 12, 3, 4, 8, 1, 1),
(211, 2425056, 0, 0, 0, 0, 0, 0, 0, 0, 0),
(213, 2425056, 0, 0, 0, 0, 0, 0, 1, 0, 1),
(710, 2425056, 16, 7, 1, 13, 9, 0, 12, 1, 1),
(714, 2425056, 8, 3, 3, 6, 3, 2, 10, 1, 3),
(708, 2425056, 0, 0, 0, 0, 0, 0, 0, 0, 0),
(597, 2425086, 15, 6, 2, 17, 8, 2, 15, 0, 0),
(526, 2425086, 19, 7, 6, 18, 6, 3, 16, 1, 0),
(518, 2425086, 0, 0, 0, 0, 0, 0, 1, 0, 0),
(521, 2425086, 0, 0, 0, 0, 0, 0, 3, 0, 0),
(219, 2425086, 6, 1, 3, 7, 3, 0, 14, 2, 1),
(215, 2425086, 1, 0, 0, 0, 0, 0, 0, 0, 0),
(411, 2425088, 9, 1, 1, 16, 9, 0, 6, 0, 0),
(415, 2425088, 7, 0, 0, 9, 4, 0, 5, 0, 0),
(417, 2425088, 0, 0, 0, 0, 0, 0, 4, 1, 0),
(416, 2425088, 0, 0, 0, 0, 0, 0, 3, 1, 0),
(410, 2425088, 1, 0, 0, 2, 0, 2, 0, 0, 0),
(401, 2425088, 3, 0, 0, 0, 0, 0, 1, 0, 1),
(313, 2425088, 12, 6, 0, 7, 5, 0, 5, 0, 1),
(323, 2425088, 7, 3, 1, 5, 2, 1, 18, 0, 2),
(317, 2425088, 0, 0, 0, 1, 1, 0, 1, 0, 0),
(316, 2425088, 0, 0, 0, 0, 0, 0, 2, 0, 0),
(322, 2425088, 0, 0, 0, 0, 0, 0, 2, 0, 1),
(710, 2425090, 12, 7, 3, 13, 7, 0, 14, 3, 1),
(714, 2425090, 8, 4, 2, 16, 5, 2, 10, 0, 0),
(610, 2425090, 15, 8, 2, 21, 5, 3, 6, 0, 1),
(616, 2425090, 14, 4, 2, 19, 6, 1, 11, 1, 1),
(613, 2425090, 0, 0, 0, 3, 2, 1, 1, 0, 0),
(607, 2425090, 0, 0, 0, 0, 0, 0, 2, 0, 1),
(112, 2425092, 13, 3, 1, 19, 13, 2, 8, 0, 2),
(119, 2425092, 16, 5, 0, 13, 4, 0, 25, 1, 1),
(115, 2425092, 0, 0, 0, 0, 0, 0, 4, 1, 0),
(120, 2425092, 0, 0, 0, 0, 0, 0, 6, 0, 0),
(597, 2425092, 16, 7, 0, 17, 8, 3, 21, 1, 0),
(526, 2425092, 15, 4, 4, 23, 13, 3, 22, 1, 1),
(518, 2425092, 0, 0, 0, 0, 0, 0, 0, 0, 0),
(521, 2425092, 0, 0, 0, 0, 0, 0, 3, 0, 0),
(219, 2425094, 6, 2, 1, 6, 2, 1, 17, 1, 0),
(213, 2425094, 0, 0, 0, 0, 0, 0, 7, 2, 0),
(211, 2425094, 3, 1, 1, 3, 0, 1, 0, 0, 0),
(215, 2425094, 0, 0, 0, 0, 0, 0, 1, 0, 1),
(323, 2425094, 16, 4, 1, 14, 6, 1, 22, 1, 0),
(313, 2425094, 9, 2, 4, 13, 7, 1, 10, 0, 2),
(317, 2425094, 0, 0, 0, 0, 0, 0, 2, 0, 0),
(318, 2425094, 0, 0, 0, 0, 0, 0, 6, 0, 1),
(410, 2425096, 7, 3, 2, 9, 3, 0, 5, 0, 2),
(411, 2425096, 9, 3, 1, 15, 2, 3, 7, 0, 2),
(415, 2425096, 2, 0, 0, 5, 0, 2, 0, 0, 0),
(417, 2425096, 0, 0, 0, 0, 0, 0, 5, 0, 0),
(401, 2425096, 0, 0, 0, 0, 0, 0, 4, 0, 0),
(710, 2425096, 14, 6, 2, 14, 5, 2, 21, 1, 1),
(714, 2425096, 11, 2, 1, 8, 4, 3, 17, 0, 1),
(707, 2425096, 0, 0, 0, 0, 0, 0, 1, 0, 0),
(616, 2425098, 6, 4, 0, 13, 6, 0, 12, 1, 0),
(610, 2425098, 10, 2, 2, 11, 5, 1, 6, 1, 0),
(613, 2425098, 0, 0, 0, 1, 1, 0, 0, 0, 0),
(612, 2425098, 2, 0, 0, 0, 0, 0, 0, 0, 0),
(607, 2425098, 0, 0, 0, 0, 0, 0, 3, 0, 0),
(112, 2425098, 2, 1, 0, 15, 4, 3, 6, 0, 0),
(119, 2425098, 4, 0, 1, 8, 3, 2, 7, 0, 0),
(117, 2425098, 5, 0, 0, 4, 2, 1, 3, 0, 0),
(115, 2425098, 0, 0, 0, 0, 0, 0, 1, 0, 0),
(120, 2425098, 0, 0, 0, 0, 0, 0, 1, 0, 0),
(119, 2425128, 10, 3, 0, 11, 6, 1, 23, 0, 2),
(118, 2425128, 13, 2, 1, 9, 3, 1, 7, 0, 2),
(117, 2425128, 0, 0, 0, 1, 1, 0, 3, 0, 1),
(115, 2425128, 0, 0, 0, 0, 0, 0, 5, 1, 1),
(120, 2425128, 0, 0, 0, 0, 0, 0, 7, 0, 1),
(714, 2425128, 11, 2, 2, 18, 11, 2, 28, 6, 2),
(710, 2425128, 14, 3, 1, 27, 12, 3, 15, 0, 2),
(701, 2425128, 8, 4, 2, 4, 1, 1, 8, 0, 0),
(707, 2425128, 1, 0, 1, 1, 0, 0, 0, 0, 0),
(708, 2425128, 0, 0, 0, 0, 0, 0, 0, 0, 0),
(720, 2425128, 0, 0, 0, 0, 0, 0, 1, 0, 0),
(597, 2425130, 19, 5, 1, 23, 11, 2, 19, 0, 1),
(526, 2425130, 21, 5, 3, 31, 8, 7, 14, 0, 1),
(504, 2425130, 5, 2, 0, 2, 2, 0, 1, 0, 1),
(518, 2425130, 0, 0, 0, 0, 0, 0, 1, 0, 0),
(515, 2425130, 0, 0, 0, 0, 0, 0, 1, 0, 0),
(521, 2425130, 0, 0, 0, 0, 0, 0, 2, 0, 0),
(323, 2425130, 10, 4, 1, 19, 5, 2, 26, 1, 0),
(317, 2425130, 14, 5, 0, 10, 3, 0, 11, 1, 1),
(313, 2425130, 10, 2, 2, 5, 0, 1, 4, 0, 0),
(316, 2425130, 0, 0, 0, 0, 0, 0, 2, 0, 1),
(318, 2425130, 0, 0, 0, 0, 0, 0, 3, 0, 1),
(415, 2425132, 11, 1, 3, 19, 8, 2, 19, 1, 2),
(411, 2425132, 9, 1, 3, 19, 5, 7, 8, 0, 1),
(401, 2425132, 5, 2, 0, 9, 3, 1, 6, 0, 0),
(417, 2425132, 0, 0, 0, 0, 0, 0, 7, 0, 1),
(418, 2425132, 0, 0, 0, 0, 0, 0, 1, 0, 1),
(616, 2425132, 15, 4, 2, 24, 12, 1, 16, 2, 3),
(610, 2425132, 25, 5, 4, 19, 6, 2, 14, 0, 0),
(607, 2425132, 0, 0, 0, 1, 1, 0, 7, 1, 0),
(613, 2425132, 1, 0, 0, 3, 0, 2, 2, 0, 1),
(119, 2425134, 4, 2, 1, 15, 4, 2, 18, 1, 2),
(117, 2425134, 8, 1, 2, 5, 2, 0, 18, 2, 0),
(118, 2425134, 6, 1, 3, 0, 0, 0, 1, 0, 0),
(112, 2425134, 1, 0, 1, 0, 0, 0, 0, 0, 0),
(115, 2425134, 0, 0, 0, 0, 0, 0, 4, 0, 0),
(120, 2425134, 0, 0, 0, 0, 0, 0, 1, 0, 0),
(219, 2425134, 8, 1, 2, 13, 5, 2, 15, 0, 0),
(215, 2425134, 0, 0, 0, 2, 0, 1, 1, 0, 1),
(204, 2425134, 0, 0, 0, 0, 0, 0, 1, 0, 0),
(213, 2425134, 0, 0, 0, 0, 0, 0, 3, 0, 1),
(710, 2425136, 25, 8, 3, 18, 9, 4, 20, 1, 0),
(701, 2425136, 10, 4, 1, 4, 1, 1, 13, 1, 1),
(714, 2425136, 6, 1, 1, 16, 5, 3, 5, 0, 0),
(708, 2425136, 0, 0, 0, 0, 0, 0, 0, 0, 0),
(720, 2425136, 0, 0, 0, 0, 0, 0, 1, 0, 0),
(597, 2425136, 19, 7, 2, 26, 10, 1, 13, 0, 1),
(526, 2425136, 10, 1, 3, 18, 4, 4, 17, 1, 0),
(504, 2425136, 4, 1, 1, 0, 0, 0, 1, 0, 1),
(518, 2425136, 0, 0, 0, 0, 0, 0, 1, 0, 0),
(521, 2425136, 0, 0, 0, 0, 0, 0, 7, 0, 0),
(317, 2425138, 8, 2, 0, 11, 6, 0, 12, 0, 0),
(323, 2425138, 0, 0, 0, 8, 4, 0, 12, 0, 0),
(313, 2425138, 3, 0, 1, 6, 4, 1, 2, 0, 0),
(318, 2425138, 0, 0, 0, 0, 0, 0, 7, 1, 0),
(305, 2425138, 0, 0, 0, 0, 0, 0, 2, 0, 0),
(616, 2425138, 20, 9, 2, 16, 5, 5, 15, 1, 1),
(610, 2425138, 14, 3, 3, 20, 5, 1, 16, 1, 1),
(613, 2425138, 3, 1, 1, 2, 1, 0, 3, 0, 1),
(607, 2425138, 0, 0, 0, 0, 0, 0, 0, 0, 0),
(401, 2425140, 17, 3, 6, 15, 6, 2, 17, 1, 0),
(411, 2425140, 8, 3, 2, 7, 4, 0, 7, 0, 1),
(415, 2425140, 3, 0, 1, 2, 0, 1, 14, 1, 1),
(417, 2425140, 0, 0, 0, 0, 0, 0, 4, 0, 0),
(219, 2425140, 6, 1, 1, 8, 3, 1, 16, 1, 1),
(204, 2425140, 0, 0, 0, 2, 1, 0, 1, 0, 0),
(210, 2425140, 0, 0, 0, 0, 0, 0, 0, 0, 0),
(213, 2425140, 0, 0, 0, 0, 0, 0, 3, 0, 0),
(610, 2425170, 10, 3, 1, 20, 2, 3, 11, 0, 2),
(607, 2425170, 5, 1, 0, 12, 5, 0, 4, 0, 0),
(616, 2425170, 18, 3, 1, 9, 2, 2, 5, 0, 2),
(613, 2425170, 3, 0, 1, 3, 2, 1, 4, 0, 0),
(415, 2425170, 13, 5, 1, 20, 9, 0, 17, 2, 1),
(411, 2425170, 12, 6, 0, 25, 10, 4, 7, 0, 1),
(417, 2425170, 0, 0, 0, 0, 0, 0, 6, 0, 0),
(408, 2425170, 0, 0, 0, 0, 0, 0, 2, 0, 0),
(119, 2425172, 12, 4, 1, 18, 9, 2, 17, 1, 1),
(118, 2425172, 6, 2, 0, 8, 3, 2, 12, 1, 1),
(115, 2425172, 0, 0, 0, 0, 0, 0, 7, 0, 0),
(120, 2425172, 0, 0, 0, 0, 0, 0, 8, 0, 0),
(112, 2425172, 0, 0, 0, 0, 0, 0, 0, 0, 0),
(526, 2425172, 10, 4, 2, 17, 9, 5, 11, 0, 3),
(597, 2425172, 11, 4, 1, 18, 4, 2, 11, 0, 1),
(504, 2425172, 1, 0, 0, 0, 0, 0, 1, 0, 1),
(515, 2425172, 0, 0, 0, 0, 0, 0, 2, 0, 0),
(521, 2425172, 0, 0, 0, 0, 0, 0, 5, 0, 0),
(411, 2425176, 17, 9, 3, 17, 5, 5, 6, 0, 3),
(415, 2425176, 8, 2, 1, 7, 2, 0, 13, 0, 1),
(410, 2425176, 6, 2, 0, 5, 2, 0, 3, 0, 2),
(417, 2425176, 0, 0, 0, 0, 0, 0, 1, 0, 0),
(313, 2425176, 11, 6, 0, 19, 10, 4, 9, 1, 1),
(323, 2425176, 9, 2, 1, 17, 10, 2, 15, 2, 0),
(317, 2425176, 1, 1, 0, 2, 1, 0, 8, 0, 2),
(305, 2425176, 0, 0, 0, 0, 0, 0, 5, 0, 0),
(318, 2425176, 0, 0, 0, 0, 0, 0, 6, 0, 0),
(119, 2425178, 9, 3, 2, 24, 9, 4, 14, 0, 2),
(118, 2425178, 10, 2, 5, 15, 5, 5, 15, 0, 1),
(117, 2425178, 5, 1, 3, 7, 2, 1, 7, 0, 1),
(112, 2425178, 0, 0, 0, 2, 0, 0, 0, 0, 0),
(111, 2425178, 0, 0, 0, 1, 0, 1, 0, 0, 0),
(115, 2425178, 0, 0, 0, 0, 0, 0, 4, 0, 0),
(120, 2425178, 0, 0, 0, 0, 0, 0, 4, 0, 0),
(616, 2425178, 18, 9, 2, 22, 7, 2, 15, 2, 2),
(610, 2425178, 13, 5, 0, 20, 5, 1, 23, 1, 1),
(613, 2425178, 4, 0, 0, 1, 0, 0, 1, 0, 0),
(607, 2425178, 0, 0, 0, 0, 0, 0, 0, 0, 0),
(597, 2425180, 10, 2, 1, 8, 5, 0, 12, 2, 0),
(526, 2425180, 5, 3, 0, 9, 4, 1, 9, 0, 1),
(518, 2425180, 0, 0, 0, 0, 0, 0, 2, 1, 0),
(521, 2425180, 0, 0, 0, 0, 0, 0, 1, 0, 0),
(710, 2425180, 10, 5, 2, 16, 6, 3, 10, 0, 0),
(714, 2425180, 6, 2, 0, 11, 6, 1, 13, 1, 2),
(720, 2425180, 0, 0, 0, 0, 0, 0, 2, 0, 0),
(219, 2425182, 3, 2, 0, 11, 5, 0, 21, 3, 0),
(215, 2425182, 0, 0, 0, 0, 0, 0, 0, 0, 0),
(213, 2425182, 0, 0, 0, 0, 0, 0, 3, 0, 0),
(313, 2425182, 13, 5, 4, 13, 4, 0, 9, 0, 0),
(317, 2425182, 7, 3, 1, 10, 1, 0, 9, 0, 0),
(323, 2425182, 4, 2, 0, 3, 2, 0, 5, 0, 0),
(310, 2425182, 0, 0, 0, 0, 0, 0, 4, 0, 2),
(318, 2425182, 0, 0, 0, 0, 0, 0, 4, 0, 0),
(710, 2425212, 8, 4, 1, 22, 11, 1, 17, 2, 1),
(714, 2425212, 10, 1, 2, 22, 10, 2, 14, 0, 2),
(720, 2425212, 0, 0, 0, 0, 0, 0, 0, 0, 0),
(707, 2425212, 0, 0, 0, 0, 0, 0, 3, 0, 0),
(411, 2425212, 14, 4, 1, 16, 3, 6, 9, 0, 1),
(401, 2425212, 11, 3, 2, 5, 1, 1, 15, 0, 1),
(417, 2425212, 0, 0, 0, 0, 0, 0, 5, 0, 1),
(415, 2425212, 0, 0, 0, 0, 0, 0, 4, 0, 1),
(119, 2425214, 5, 2, 3, 15, 6, 2, 17, 2, 1),
(118, 2425214, 5, 3, 0, 13, 5, 2, 6, 0, 1),
(112, 2425214, 3, 1, 1, 5, 3, 0, 1, 0, 1),
(115, 2425214, 0, 0, 0, 0, 0, 0, 3, 1, 0),
(117, 2425214, 0, 0, 0, 0, 0, 0, 1, 0, 0),
(120, 2425214, 0, 0, 0, 0, 0, 0, 11, 0, 0),
(204, 2425214, 13, 2, 1, 6, 4, 0, 9, 1, 2),
(219, 2425214, 5, 1, 0, 10, 5, 1, 10, 1, 0),
(215, 2425214, 3, 2, 1, 7, 4, 0, 5, 0, 0),
(210, 2425214, 2, 0, 0, 4, 1, 1, 6, 1, 1),
(213, 2425214, 0, 0, 0, 0, 0, 0, 2, 0, 1),
(597, 2425216, 13, 7, 1, 6, 1, 1, 9, 1, 1),
(526, 2425216, 10, 3, 2, 20, 8, 1, 12, 0, 0),
(518, 2425216, 12, 3, 1, 11, 2, 3, 11, 0, 0),
(504, 2425216, 3, 0, 2, 2, 1, 0, 1, 0, 0),
(515, 2425216, 0, 0, 0, 1, 1, 0, 2, 0, 0),
(521, 2425216, 0, 0, 0, 0, 0, 0, 4, 1, 0),
(322, 2425216, 13, 5, 2, 25, 5, 4, 18, 1, 1),
(313, 2425216, 5, 3, 0, 4, 3, 1, 1, 0, 0),
(317, 2425216, 9, 5, 0, 3, 1, 0, 6, 0, 1),
(316, 2425216, 5, 0, 0, 4, 1, 0, 2, 0, 1),
(310, 2425216, 0, 0, 0, 0, 0, 0, 5, 0, 2),
(401, 2425218, 4, 1, 1, 19, 5, 4, 12, 2, 1),
(411, 2425218, 3, 0, 2, 7, 2, 2, 5, 0, 2),
(415, 2425218, 1, 0, 0, 5, 2, 0, 4, 0, 0),
(417, 2425218, 0, 0, 0, 0, 0, 0, 2, 0, 1),
(408, 2425218, 0, 0, 0, 0, 0, 0, 4, 0, 0),
(610, 2425218, 15, 6, 1, 15, 7, 0, 9, 0, 3),
(613, 2425218, 8, 0, 1, 12, 3, 3, 5, 0, 0),
(607, 2425218, 3, 0, 2, 5, 3, 0, 3, 0, 1),
(612, 2425218, 0, 0, 0, 2, 1, 0, 2, 0, 0),
(215, 2425220, 30, 11, 5, 31, 16, 5, 17, 2, 2),
(204, 2425220, 21, 7, 3, 12, 6, 2, 22, 0, 1),
(210, 2425220, 15, 5, 5, 12, 3, 2, 15, 1, 1),
(213, 2425220, 0, 0, 0, 0, 0, 0, 4, 1, 0),
(211, 2425220, 4, 0, 0, 1, 0, 1, 2, 0, 1),
(701, 2425220, 22, 2, 10, 20, 10, 2, 9, 0, 2),
(707, 2425220, 21, 6, 3, 6, 2, 0, 21, 2, 1),
(702, 2425220, 3, 0, 1, 0, 0, 0, 1, 0, 0),
(710, 2425220, 0, 0, 0, 0, 0, 0, 2, 0, 0),
(313, 2425222, 13, 4, 1, 18, 9, 1, 7, 0, 1),
(317, 2425222, 8, 2, 2, 13, 6, 3, 26, 4, 1),
(310, 2425222, 0, 0, 0, 0, 0, 0, 4, 0, 0),
(318, 2425222, 0, 0, 0, 0, 0, 0, 3, 0, 0),
(118, 2425222, 13, 6, 3, 15, 7, 3, 7, 0, 2),
(119, 2425222, 9, 1, 1, 9, 6, 0, 23, 0, 2),
(112, 2425222, 4, 2, 0, 8, 4, 1, 1, 0, 0),
(117, 2425222, 0, 0, 0, 0, 0, 0, 3, 1, 0),
(115, 2425222, 0, 0, 0, 0, 0, 0, 2, 0, 0),
(120, 2425222, 0, 0, 0, 0, 0, 0, 5, 0, 3),
(616, 2425224, 23, 8, 5, 19, 7, 3, 20, 0, 3),
(613, 2425224, 14, 4, 2, 15, 8, 1, 13, 0, 0),
(610, 2425224, 8, 1, 1, 9, 4, 1, 5, 0, 1),
(607, 2425224, 0, 0, 0, 0, 0, 0, 1, 0, 0),
(526, 2425224, 16, 5, 2, 38, 12, 9, 15, 1, 2),
(597, 2425224, 18, 5, 2, 17, 10, 2, 14, 0, 2),
(504, 2425224, 4, 1, 1, 0, 0, 0, 0, 0, 0),
(518, 2425224, 0, 0, 0, 0, 0, 0, 3, 0, 0),
(515, 2425224, 0, 0, 0, 0, 0, 0, 1, 0, 0),
(521, 2425224, 0, 0, 0, 0, 0, 0, 4, 0, 0),
(398, 2425002, 24, 7, 5, 15, 3, 2, 15, 0, 1),
(717, 2425002, 18, 8, 0, 21, 9, 1, 11, 0, 1),
(233, 2425004, 18, 12, 1, 8, 2, 2, 8, 1, 3),
(216, 2425004, 0, 0, 0, 0, 0, 0, 8, 1, 1),
(105, 2425004, 17, 5, 3, 24, 7, 6, 17, 4, 3),
(117, 2425004, 1, 1, 0, 2, 1, 0, 4, 0, 0),
(513, 2425006, 13, 3, 2, 16, 8, 2, 8, 1, 2),
(512, 2425006, 1, 0, 0, 0, 0, 0, 1, 0, 0),
(618, 2425006, 11, 5, 1, 16, 8, 4, 13, 0, 0),
(419, 2425008, 27, 13, 5, 51, 19, 13, 14, 2, 3),
(398, 2425008, 35, 14, 3, 22, 7, 3, 15, 1, 3),
(717, 2425010, 15, 4, 4, 12, 5, 3, 15, 2, 1),
(105, 2425010, 19, 5, 3, 20, 4, 5, 11, 4, 2),
(117, 2425010, 1, 0, 0, 0, 0, 0, 2, 0, 1),
(618, 2425012, 21, 8, 6, 19, 9, 2, 11, 1, 0),
(233, 2425012, 20, 8, 5, 19, 9, 3, 15, 3, 4),
(216, 2425012, 0, 0, 0, 0, 0, 0, 6, 0, 1),
(513, 2425014, 24, 8, 6, 30, 16, 4, 14, 3, 2),
(512, 2425014, 0, 0, 0, 0, 0, 0, 3, 0, 0),
(419, 2425014, 22, 6, 1, 42, 18, 5, 15, 2, 3),
(601, 2425044, 18, 6, 4, 14, 4, 3, 8, 0, 1),
(398, 2425044, 22, 6, 1, 14, 7, 0, 12, 1, 3),
(419, 2425046, 16, 7, 0, 39, 14, 8, 20, 4, 1),
(117, 2425046, 5, 1, 0, 11, 3, 3, 9, 0, 0),
(717, 2425048, 15, 7, 3, 28, 12, 1, 13, 2, 2),
(513, 2425048, 12, 3, 4, 12, 3, 4, 15, 3, 4),
(512, 2425048, 0, 0, 0, 0, 0, 0, 3, 2, 0),
(398, 2425050, 26, 11, 2, 31, 11, 2, 24, 0, 2),
(233, 2425050, 20, 6, 3, 16, 5, 3, 13, 1, 2),
(216, 2425050, 0, 0, 0, 0, 0, 0, 4, 0, 1),
(419, 2425052, 24, 10, 4, 38, 18, 3, 10, 1, 2),
(601, 2425052, 15, 3, 1, 21, 10, 1, 10, 0, 2),
(513, 2425054, 11, 5, 2, 21, 12, 4, 17, 2, 1),
(512, 2425054, 0, 0, 0, 0, 0, 0, 5, 2, 0),
(105, 2425054, 10, 7, 2, 44, 18, 10, 11, 1, 3),
(117, 2425054, 0, 0, 0, 0, 0, 0, 1, 0, 0),
(233, 2425056, 14, 5, 3, 18, 8, 1, 10, 2, 0),
(216, 2425056, 0, 0, 0, 0, 0, 0, 2, 0, 0),
(717, 2425056, 12, 2, 3, 24, 11, 3, 13, 1, 0),
(513, 2425086, 21, 8, 4, 33, 17, 1, 16, 2, 4),
(512, 2425086, 0, 0, 0, 0, 0, 0, 1, 0, 0),
(233, 2425086, 46, 21, 4, 25, 11, 3, 20, 1, 5),
(216, 2425086, 0, 0, 0, 0, 0, 0, 4, 1, 1),
(419, 2425088, 12, 2, 2, 25, 6, 6, 10, 2, 3),
(398, 2425088, 18, 11, 2, 17, 12, 0, 11, 0, 0),
(717, 2425090, 10, 3, 1, 25, 10, 0, 8, 0, 0),
(601, 2425090, 11, 3, 2, 20, 8, 4, 8, 0, 0),
(105, 2425092, 34, 12, 7, 60, 26, 10, 22, 2, 2),
(117, 2425092, 0, 0, 0, 0, 0, 0, 0, 0, 0),
(513, 2425092, 27, 12, 6, 33, 12, 6, 18, 3, 3),
(512, 2425092, 0, 0, 0, 0, 0, 0, 0, 0, 0),
(233, 2425094, 31, 10, 7, 35, 16, 5, 20, 4, 3),
(216, 2425094, 0, 0, 0, 2, 0, 2, 6, 0, 0),
(398, 2425094, 28, 10, 4, 35, 16, 4, 15, 2, 5),
(419, 2425096, 17, 6, 5, 28, 10, 5, 10, 0, 2),
(717, 2425096, 9, 6, 0, 24, 10, 3, 10, 0, 0),
(601, 2425098, 15, 6, 1, 11, 6, 0, 9, 1, 0),
(105, 2425098, 13, 6, 4, 34, 16, 4, 9, 1, 2),
(105, 2425128, 38, 19, 9, 45, 28, 8, 12, 1, 3),
(723, 2425128, 8, 0, 2, 11, 3, 1, 5, 0, 0),
(513, 2425130, 19, 7, 3, 23, 10, 3, 14, 2, 7),
(512, 2425130, 1, 0, 0, 0, 0, 0, 3, 0, 0),
(398, 2425130, 36, 14, 5, 29, 12, 4, 18, 1, 0),
(419, 2425132, 37, 11, 8, 43, 20, 6, 15, 1, 4),
(601, 2425132, 20, 4, 4, 26, 9, 7, 18, 3, 2),
(105, 2425134, 15, 6, 6, 63, 36, 11, 20, 4, 5),
(233, 2425134, 21, 4, 3, 16, 7, 4, 15, 0, 5),
(216, 2425134, 0, 0, 0, 0, 0, 0, 10, 2, 0),
(723, 2425136, 24, 11, 2, 30, 13, 3, 11, 0, 2),
(513, 2425136, 19, 10, 2, 27, 11, 4, 22, 3, 2),
(512, 2425136, 0, 0, 0, 0, 0, 0, 1, 0, 0),
(398, 2425138, 30, 11, 7, 37, 14, 5, 16, 0, 0),
(601, 2425138, 20, 8, 3, 27, 11, 4, 14, 1, 0),
(419, 2425140, 36, 14, 9, 43, 21, 5, 23, 1, 2),
(233, 2425140, 41, 6, 12, 21, 8, 2, 26, 2, 6),
(216, 2425140, 0, 0, 0, 0, 0, 0, 10, 1, 1),
(601, 2425170, 20, 9, 1, 34, 12, 8, 10, 0, 2),
(419, 2425170, 21, 8, 6, 39, 12, 5, 19, 1, 2),
(105, 2425172, 16, 6, 6, 47, 27, 7, 20, 1, 1),
(513, 2425172, 19, 8, 4, 24, 9, 7, 13, 0, 3),
(512, 2425172, 0, 0, 0, 0, 0, 0, 0, 0, 0),
(419, 2425176, 27, 9, 3, 29, 12, 6, 13, 0, 0),
(398, 2425176, 24, 7, 2, 30, 12, 3, 11, 1, 3),
(304, 2425176, 0, 0, 0, 0, 0, 0, 0, 0, 0),
(105, 2425178, 27, 12, 3, 78, 39, 9, 22, 4, 5),
(601, 2425178, 21, 7, 1, 34, 13, 3, 23, 0, 1),
(513, 2425180, 10, 2, 3, 12, 7, 4, 7, 0, 1),
(512, 2425180, 0, 0, 0, 0, 0, 0, 1, 0, 0),
(723, 2425180, 7, 5, 0, 13, 8, 0, 13, 2, 1),
(233, 2425182, 27, 10, 2, 24, 14, 5, 13, 1, 2),
(216, 2425182, 0, 0, 0, 0, 0, 0, 9, 1, 1),
(398, 2425182, 17, 8, 5, 22, 6, 3, 12, 0, 2),
(304, 2425182, 0, 0, 0, 0, 0, 0, 0, 0, 0),
(717, 2425212, 8, 3, 0, 28, 15, 1, 20, 1, 2),
(419, 2425212, 27, 10, 6, 36, 16, 7, 14, 2, 1),
(105, 2425214, 20, 6, 6, 43, 24, 5, 16, 2, 4),
(216, 2425214, 4, 1, 1, 4, 1, 1, 6, 0, 0),
(513, 2425216, 3, 2, 0, 18, 8, 2, 8, 1, 1),
(512, 2425216, 0, 0, 0, 0, 0, 0, 5, 0, 0),
(304, 2425216, 10, 6, 1, 24, 11, 3, 13, 1, 3),
(398, 2425216, 3, 2, 0, 6, 2, 0, 5, 0, 1),
(419, 2425218, 19, 7, 5, 29, 14, 5, 10, 0, 1),
(601, 2425218, 11, 1, 1, 22, 9, 4, 12, 2, 0),
(216, 2425220, 0, 0, 0, 0, 0, 0, 12, 1, 1),
(722, 2425220, 9, 2, 2, 40, 15, 6, 15, 1, 3),
(398, 2425222, 21, 8, 4, 18, 7, 5, 10, 1, 3),
(304, 2425222, 2, 1, 0, 5, 2, 1, 3, 0, 0),
(105, 2425222, 12, 3, 5, 42, 25, 5, 15, 1, 3),
(601, 2425224, 12, 4, 3, 39, 20, 5, 17, 1, 1),
(513, 2425224, 15, 8, 4, 30, 14, 7, 22, 4, 2),
(512, 2425224, 0, 0, 0, 0, 0, 0, 0, 0, 0);
