SET character_set_client = utf8mb4;
SET character_set_connection = utf8mb4;
SET character_set_results = utf8mb4;

-- Team 데이터
INSERT INTO Team (team_ID, team_name, home_arena) VALUES
(1000, 'GS칼텍스', '서울'),
(2000, '정관장', '대전'),
(3000, '현대건설', '수원'),
(4000, 'IBK기업은행', '화성'),
(5000, '한국도로공사', '김천'),
(6000, '페퍼저축은행', '광주'),
(7000, '흥국생명 ', '인천');

-- Player_Position 데이터
INSERT INTO Player_Position (position_ID, position_name) VALUES
(10, 'OH'),
(20, 'OP'),
(30, 'MB'),
(40, 'S'),
(50, 'L');

-- User 데이터
INSERT INTO User (user_ID, user_PW, team_ID) VALUES
(1238438, 'hongki19', 1000),
(6123345, 'yeonseo21', 1000),
(9453234, 'seunghun88', 1000),
(3343465, 'seohyun76', 2000),
(6767345, 'seungmin11', 2000),
(5647345, 'jisu23', 2000),
(4343462, 'yujin18', 3000),
(8456852, 'sarah03', 3000),
(5345234, 'hajun99', 3000),
(1832742, 'sunmi30', 4000),
(7546929, 'chulsoo10', 4000),
(3485593, 'hyejin81', 4000),
(5468923, 'hayoung91', 5000),
(5493059, 'junho49', 5000),
(7732434, 'minseo68', 5000),
(4345234, 'bora15', 6000),
(5832045, 'youngho80', 6000),
(9234676, 'jaehyun52', 6000),
(8676822, 'seojun06', 7000),
(4512137, 'kyungmin29', 7000),
(9675621, 'jisung42', 7000);

-- Game 데이터
INSERT INTO Game (game_ID, game_date, home_team_ID, away_team_ID, round_ID) VALUES
(2425002, '2024-10-19', 3000, 7000, 1),
(2425004, '2024-10-20', 2000, 1000, 1),
(2425006, '2024-10-22', 5000, 6000, 1),
(2425008, '2024-10-23', 6000, 3000, 1),
(2425010, '2024-10-24', 7000, 1000, 1),
(2425012, '2024-10-25', 6000, 2000, 1),
(2425014, '2024-10-26', 5000, 4000, 1),
(2425044, '2024-11-13', 6000, 3000, 2),
(2425046, '2024-11-14', 4000, 1000, 2),
(2425048, '2024-11-15', 7000, 5000, 2),
(2425050, '2024-11-16', 3000, 2000, 2),
(2425052, '2024-11-17', 4000, 6000, 2),
(2425054, '2024-11-19', 5000, 1000, 2),
(2425056, '2024-11-20', 2000, 7000, 2),
(2425086, '2024-12-07', 5000, 2000, 3),
(2425088, '2024-12-08', 4000, 3000, 3),
(2425090, '2024-12-10', 7000, 6000, 3),
(2425092, '2024-12-11', 1000, 5000, 3),
(2425094, '2024-12-12', 2000, 3000, 3),
(2425096, '2024-12-13', 4000, 7000, 3),
(2425098, '2024-12-14', 6000, 1000, 3),
(2425128, '2025-01-07', 1000, 7000, 4),
(2425130, '2025-01-08', 5000, 3000, 4),
(2425132, '2025-01-09', 4000, 6000, 4),
(2425134, '2025-01-10', 1000, 2000, 4),
(2425136, '2025-01-11', 7000, 5000, 4),
(2425138, '2025-01-12', 3000, 6000, 4),
(2425140, '2025-01-14', 4000, 2000, 4),
(2425170, '2025-01-31', 6000, 4000, 5),
(2425172, '2025-02-01', 1000, 5000, 5),
(2425174, '2025-02-02', 7000, 2000, 5),
(2425176, '2025-02-04', 4000, 3000, 5),
(2425178, '2025-02-05', 1000, 6000, 5),
(2425180, '2025-02-06', 5000, 7000, 5),
(2425182, '2025-02-07', 2000, 3000, 5),
(2425212, '2025-02-25', 7000, 4000, 6),
(2425214, '2025-02-26', 1000, 2000, 6),
(2425216, '2025-02-27', 5000, 3000, 6),
(2425218, '2025-02-28', 4000, 6000, 6),
(2425220, '2025-03-01', 2000, 7000, 6),
(2425222, '2025-03-02', 3000, 1000, 6),
(2425224, '2025-03-03', 6000, 5000, 6);

-- Player 데이터
INSERT INTO Player (player_ID, player_name, current_team_ID, position_ID, salary) VALUES
(101, '최가은', 1000, 30, 50),
(103, '이윤신', 1000, 40, 40),
(104, '서채원', 1000, 30, 45),
(105, '실바', 1000, 20, 350),
(107, '안혜진', 1000, 40, 200),
(109, '김지우', 1000, 40, 50),
(110, '최유림', 1000, 30, 45),
(111, '김주향', 1000, 10, 110),
(112, '이주아', 1000, 10, 250),
(113, '박채민', 1000, 50, 40),
(114, '김지원', 1000, 40, 150),
(115, '우수민', 1000, 10, 40),
(116, '김미연', 1000, 10, 130),
(117, '문지윤', 1000, 20, 70),
(118, '권민지', 1000, 10, 100),
(119, '유서연', 1000, 10, 90),
(120, '유가람', 1000, 10, 40),
(125, '뚜이', 1000, 30, 300),
(127, '와일러', 1000, 10, 320),
(147, '한수진', 1000, 50, 60),
(154, '오세연', 1000, 30, 50),
(202, '안예림', 2000, 40, 50),
(203, '염혜선', 2000, 40, 150),
(204, '전다빈', 2000, 10, 40),
(205, '노란', 2000, 50, 140),
(206, '박은진', 2000, 30, 180),
(207, '메가', 2000, 20, 350),
(210, '박혜민', 2000, 10, 120),
(211, '곽선옥', 2000, 10, 45),
(212, '이예담', 2000, 30, 40),
(213, '정수지', 2000, 10, 40),
(214, '김채나', 2000, 40, 45),
(215, '이선우', 2000, 10, 100),
(216, '신은지', 2000, 20, 45),
(217, '정호영', 2000, 30, 150),
(218, '이지수', 2000, 30, 40),
(219, '표승주', 2000, 10, 160),
(220, '최효서', 2000, 50, 40),
(233, '부키리치', 2000, 20, 380),
(303, '김다인', 3000, 40, 220),
(304, '황연주', 3000, 20, 80),
(305, '이영주', 3000, 10, 55),
(306, '김사랑', 3000, 40, 42),
(308, '김연견', 3000, 50, 350),
(309, '나현수', 3000, 30, 100),
(310, '고민지', 3000, 10, 60),
(311, '강서우', 3000, 30, 45),
(312, '이다현', 3000, 30, 220),
(313, '정지윤', 3000, 10, 190),
(314, '양효진', 3000, 30, 450),
(316, '김민채', 3000, 10, 40),
(317, '고예림', 3000, 10, 150),
(318, '한미르', 3000, 10, 40),
(319, '이수연', 3000, 40, 40),
(322, '서지혜', 3000, 10, 40),
(323, '위파위', 3000, 10, 300),
(398, '모마', 3000, 20, 400),
(401, '이소영', 4000, 10, 550),
(402, '이주아', 4000, 30, 250),
(403, '최연진', 4000, 40, 40),
(404, '김윤우', 4000, 40, 40),
(405, '김하경', 4000, 40, 120),
(406, '천신통', 4000, 40, 40),
(407, '김희진', 4000, 30, 150),
(408, '김수빈', 4000, 10, 40),
(410, '고의정', 4000, 10, 60),
(411, '육서영', 4000, 10, 110),
(412, '김채연', 4000, 30, 80),
(413, '최정민', 4000, 30, 100),
(414, '김채원', 4000, 50, 90),
(415, '황민경', 4000, 10, 180),
(416, '주연희', 4000, 10, 40),
(417, '구혜인', 4000, 10, 40),
(418, '김세율', 4000, 10, 40),
(419, '빅토리아', 4000, 20, 350),
(421, '남은서', 4000, 50, 40),
(502, '하효림', 5000, 40, 45),
(503, '김다은', 5000, 40, 90),
(504, '전새얀', 5000, 10, 70),
(506, '이윤정', 5000, 40, 100),
(508, '임명옥', 5000, 50, 300),
(510, '배유나', 5000, 30, 160),
(511, '김세빈', 5000, 30, 70),
(512, '문정원', 5000, 20, 200),
(513, '니콜로바', 5000, 20, 350),
(515, '송은채', 5000, 10, 40),
(517, '김현정', 5000, 30, 50),
(518, '김세인', 5000, 10, 60),
(519, '유니', 5000, 10, 40),
(521, '이예은', 5000, 10, 40),
(526, '타나차', 5000, 10, 300),
(597, '강소휘', 5000, 10, 500),
(601, '테일러', 6000, 20, 320),
(603, '박수빈', 6000, 40, 40),
(604, '한다혜', 6000, 50, 120),
(605, '임주은', 6000, 30, 40),
(606, '장위', 6000, 30, 40),
(607, '이예림', 6000, 10, 50),
(608, '박연화', 6000, 30, 40),
(610, '박정아', 6000, 10, 475),
(612, '박경현', 6000, 10, 40),
(613, '박은서', 6000, 10, 40),
(615, '박사랑', 6000, 40, 60),
(616, '이한비', 6000, 10, 80),
(617, '하혜진', 6000, 30, 50),
(618, '자비치', 6000, 20, 330),
(619, '염어르헝', 6000, 30, 60),
(623, '이원정', 6000, 40, 120),
(701, '김다은', 7000, 10, 90),
(702, '이채민', 7000, 10, 40),
(703, '신연경', 7000, 50, 150),
(704, '서채현', 7000, 40, 40),
(705, '피치', 7000, 30, 40),
(706, '이고은', 7000, 40, 130),
(707, '최은지', 7000, 10, 60),
(708, '도수빈', 7000, 10, 70),
(709, '변지수', 7000, 30, 50),
(710, '김연경', 7000, 10, 500),
(711, '김수지', 7000, 30, 200),
(713, '박혜진', 7000, 40, 60),
(714, '정윤주', 7000, 10, 50),
(715, '이송민', 7000, 30, 40),
(717, '투트쿠', 7000, 20, 300),
(718, '김다솔', 7000, 40, 80),
(719, '김미연', 7000, 10, 130),
(720, '박수연', 7000, 10, 40),
(721, '임혜림', 7000, 30, 40),
(722, '문지윤', 7000, 20, 70),
(723, '마테이코', 7000, 20, 310);


INSERT INTO Scouting_Report (report_ID, user_ID, team_ID, player_ID, note_content, note_date) VALUES
(60000, 1238438, 1000, 314, '양효진은 리그 최장수 센터이자 최고의 블로커로, 여전히 이동 공격과 속공의 정석을 보여주는 베테랑. 리그 정상급 OH 유망주 + 미래 1라운드 지명권 또는 동급 FA 보상 선수.', '2024-10-01 10:00:00'),
(60001, 6123345, 1000, 207, '메가는파괴적인 고공 타점과 강력한 서브를 자랑하며 정관장의 공격을 이끄는 아시아 쿼터 에이스. 현재 소속팀의 재계약 우선권이 핵심', '2024-10-05 11:30:00'),
(60002, 9453234, 1000, 597, '강소휘는 한국도로공사 이적 후 폭발력을 되찾고, 리시브와 공격을 모두 갖춘 만능 플레이어로 활약 기대. 젊은 세터 또는 미들 블로커 + 상당한 현금 보상.', '2024-10-10 14:20:00'),
(60003, 3343465, 2000, 610, '박정아는 클러치 상황에서 강점을 보이며, 페퍼저축은행의 공격과 경험을 책임지는 베테랑 득점원. 젊은 수비형 레프트 + 추가 유망주를 통한 샐러리 절감 및 리빌딩.', '2024-10-15 09:15:00'),
(60004, 6767345, 2000, 415, '황민경은 노련함과 안정적인 리시브 능력을 바탕으로 팀의 수비 라인을 책임지는 중. 주전급 리베로 또는 2라운드 지명권과 현금을 주고받는 롤 트레이드.', '2024-10-20 16:45:00'),
(60005, 5647345, 2000, 125, '용병. 파워는 좋으나 세밀함 부족.', '2024-10-25 12:10:00'),
(60006, 8456852, 3000, 147, '베테랑. 코트 비전이 좋음. 수비 시 빈자리 파악 능력이 탁월.', '2024-11-01 10:05:00'),
(60007, 4343462, 4000, 202, '백업 세터. 흔들릴 때 중앙을 고집하는 경향이 있어 우리 팀과는 맞지 않음.', '2024-11-05 15:20:00'),
(60008, 5345234, 4000, 203, '국가대표 세터. 볼 스피드가 빠름. 최우선 FA 고려', '2024-11-10 09:45:00'),
(60009, 1832742, 4000, 204, '교체 윙. 공격력은 약하나 수비 강화용. 현재 우리 팀의 필요한 부분과는 맞지 않음', '2024-11-15 11:10:00'),
(60010, 7546929, 5000, 205, '리베로. 2단 연결 능력이 좋음. 트레이드 시 고려', '2024-11-20 13:00:00'),
(60011, 3485593, 5000, 206, '미들블로커. C퀵 속공 빈도 높음. 상대 세터 버릇 체크.', '2024-11-25 14:40:00'),
(60012, 7732434, 5000, 207, '강력한 아포짓. 타점 높음. 직선 수비 강화에 도움이 될 것.', '2024-12-01 10:30:00'),
(60013, 5468923, 6000, 210, '주전 윙. 리시브와 공격 밸런스 좋음. 특정 약점 없는 육각형 선수로 영입 고려해볼 것.', '2024-12-05 12:20:00'),
(60014, 5493059, 6000, 312, '미들블로커. 이동 속공에 강점이 있으므로 우리 팀의 약점을 보완해줄 수 있을 듯.', '2024-12-10 16:10:00'),
(60015, 4345234, 6000, 212, '신인치고 성장 속도가 빠름. 서브가 까다로움. 영입 시 추후 3년 이내 팀의 주축 형성 기대', '2024-12-15 09:55:00'),
(60016, 5832045, 7000, 214, '리베로. A수비 범위는 좁으나 순발력 좋음.', '2025-01-05 11:30:00'),
(60017, 9234676, 7000, 215, '윙. 기복이 있고 잘 풀리는 날은 막을 사람이 없을 정도. 윙 자원이 부족한 팀에게는 조금 망설여지는 선택지일지도.', '2025-01-10 14:25:00'),
(60018, 8676822, 1000, 217, '주전 미들블로커. 높이 좋음. 중앙 후위 공격으로 허 찌르기.', '2025-01-15 10:00:00'),
(60019, 4512137, 1000, 107, '주전 세터. 토스 패턴이 일정하다는 장점. 영입이 쉽지 않을 듯.', '2025-01-20 12:15:00'),
(60020, 9675621, 2000, 220, '신인 세터. 긴장하면 토스가 짧아진다는 단점이 있으나 세터의 능력치는 훌륭.', '2025-01-25 09:40:00'),
(60021, 1238438, 2000, 233, '용병에게서 기대하는 모습은 떨어짐. 기복이 심한 편이라 도박수에 가까움.', '2025-02-01 11:00:00'),
(60022, 6123345, 3000, 303, '주전 세터. 양효진과의 중앙 속공은 알고도 못 막음. 둘 중 한명을 영입 시 해당 팀은 꽤 전력 손실이 클 것으로 예상', '2025-02-05 13:30:00'),
(60023, 9453234, 3000, 110, '주전. 리시브 불안 시 공격도 같이 무너진다는 단점이 있으나, 우리 팀 주전 리베로와는 궁합이 괜찮을 것으로 예상', '2025-02-10 15:00:00');

INSERT INTO S_Stats (player_ID, game_ID, serve_att,	serve_suc, serve_mis, set_att, set_suc, set_mis) VALUES
(202, 2425004, 1, 0, 0, 0, 0, 0),
(114, 2425004, 6, 1, 1, 63, 23, 0),
(506, 2425006, 4, 0, 0, 46, 19, 2),
(623, 2425006, 8, 0, 0, 76, 41, 0),
(406, 2425008, 20, 1, 0, 127, 50, 1),
(303, 2425008, 15, 1, 0, 122, 47, 1),
(706, 2425010, 16, 1, 0, 78, 43, 0),
(718, 2425010, 6, 0, 0, 0, 0, 0),
(214, 2425012, 0, 0, 0, 0, 0, 0),
(202, 2425012, 2, 0, 0, 0, 0, 0),
(615, 2425044, 2, 0, 0, 17, 6, 0);

INSERT INTO L_Stats (player_ID, game_ID, dig_att, dig_suc, dig_failmis, set_att, set_suc, set_mis, receive_att, receive_good, receive_fail) VALUES
(308, 2425138, 27, 19, 8, 9, 3, 0, 16, 11, 2),
(113, 2425098, 0, 0, 0, 1, 1, 0, 3, 1, 0),
(220, 2425214, 9, 9, 0, 0, 0, 0, 4, 1, 0),
(703, 2425180, 12, 11, 1, 9, 3, 0, 14, 3, 0),
(604, 2425218, 22, 18, 4, 8, 1, 0, 14, 7, 1),
(205, 2425094, 23, 17, 6, 10, 2, 0, 15, 7, 0),
(147, 2425222, 20, 18, 2, 15, 4, 0, 15, 4, 2),
(205, 2425056, 9, 7, 2, 3, 0, 0, 16, 6, 1),
(147, 2425098, 13, 9, 4, 3, 0, 0, 16, 6, 3);

INSERT INTO Att_Stats (player_ID, game_ID, open_att, open_suc, open_failmis, backquick_att, backquick_suc, backquick_failmis, serve_att, serve_suc, serve_mis) VALUES
(309, 2425182, 1, 1, 0, 10, 5, 1, 15, 0, 2),
(711, 2425212, 0, 0, 0, 2, 1, 0, 15, 0, 2),
(125, 2425214, 1, 0, 0, 3, 2, 1, 15, 0, 1),
(217, 2425214, 12, 2, 0, 3, 2, 0, 15, 1, 4),
(710, 2425002, 17, 6, 3, 19, 9, 0, 15, 0, 2),
(607, 2425012, 9, 3, 2, 5, 1, 2, 15, 0, 1),
(597, 2425048, 21, 6, 3, 24, 8, 3, 15, 1, 1),
(401, 2425212, 11, 3, 2, 5, 1, 1, 15, 0, 1),
(210, 2425220, 15, 5, 5, 12, 3, 2, 15, 1, 1),
(233, 2425012, 20, 8, 5, 19, 9, 3, 15, 3, 4);
